date,price,bedrooms,bathrooms,sqft_living,floors,waterfront,condition,yr_built,street,city,statezip,country
2014-07-03 00:00:00,600000.0,5.0,2.25,3000,2.0,0,4,1975,17612 NE 30th Pl,Redmond,WA 98052,USA
2014-06-12 00:00:00,370000.0,2.0,1.0,1220,1.0,0,4,1947,13314 NE 104th St,Kirkland,WA 98033,USA
2014-06-06 00:00:00,471000.0,3.0,2.5,2030,2.0,0,3,2001,23 Sunset Ct NW,Issaquah,WA 98027,USA
2014-05-15 00:00:00,240000.0,3.0,2.0,1400,1.0,0,3,1948,1610 N 185th St,Shoreline,WA 98133,USA
2014-05-13 00:00:00,413000.0,4.0,1.0,1410,1.0,0,3,1925,4118 32nd Ave SW,Seattle,WA 98126,USA
2014-06-10 00:00:00,483300.0,4.0,2.0,1210,1.0,0,4,1955,3911 147th Ave SE,Bellevue,WA 98006,USA
2014-06-06 00:00:00,585000.0,4.0,2.5,2430,2.0,0,3,2008,360 SE Bush St,Issaquah,WA 98027,USA
2014-06-09 00:00:00,250000.0,5.0,1.5,2520,1.5,0,4,1928,2134 Montgomery Ave,Enumclaw,WA 98022,USA
2014-06-11 00:00:00,522000.0,3.0,1.75,1730,1.0,0,4,1980,8605 169th Ct NE,Redmond,WA 98052,USA
2014-07-09 00:00:00,232500.0,3.0,1.5,1940,1.0,0,4,1969,450 S 305th St,Federal Way,WA 98003,USA
2014-05-29 00:00:00,329932.0,3.0,1.5,1460,1.0,0,3,1971,11221 Palatine Ave N,Seattle,WA 98133,USA
2014-05-23 00:00:00,535000.0,3.0,2.5,2210,2.0,0,3,1994,10526 157th Ave NE,Redmond,WA 98052,USA
2014-06-27 00:00:00,560000.0,4.0,2.5,2710,2.0,0,3,2003,612 Orcas Ave NE,Renton,WA 98059,USA
2014-05-13 00:00:00,525000.0,5.0,3.0,2450,2.0,0,3,1994,7349 24th Ave NW,Seattle,WA 98117,USA
2014-06-20 00:00:00,970500.0,3.0,2.75,2470,2.0,0,3,1960,4511 87th Ave SE,Mercer Island,WA 98040,USA
2014-06-09 00:00:00,390000.0,4.0,1.75,2700,1.5,0,4,1968,16518-16526 147th Ave SE,Renton,WA 98058,USA
2014-07-08 00:00:00,760005.0,4.0,2.75,3090,2.0,0,3,2010,384 218th Pl SE,Sammamish,WA 98074,USA
2014-06-20 00:00:00,458000.0,3.0,2.5,1870,2.0,0,3,2003,8927 NE 176th St,Bothell,WA 98011,USA
2014-06-19 00:00:00,600000.0,3.0,2.0,2540,1.0,0,3,2007,37124-37118 237th Pl SE,Enumclaw,WA 98022,USA
2014-06-26 00:00:00,330675.0,4.0,3.0,1930,1.0,0,3,2006,26418 NE Anderson St,Duvall,WA 98019,USA
2014-06-12 00:00:00,784000.0,3.0,3.5,3950,1.5,0,3,1989,19851 NE Redmond Rd,Redmond,WA 98053,USA
2014-06-25 00:00:00,770000.0,4.0,2.5,3920,2.0,0,3,1997,23013 SE 44th St,Sammamish,WA 98075,USA
2014-05-19 00:00:00,588000.0,3.0,2.25,2030,1.0,0,4,1977,10510 160th Ave NE,Redmond,WA 98052,USA
2014-06-29 00:00:00,397000.0,3.0,3.5,1360,2.0,0,3,2007,1337 14th Ave S,Seattle,WA 98144,USA
2014-06-02 00:00:00,469000.0,3.0,1.0,950,1.5,0,5,1948,1911 E Columbia St,Seattle,WA 98122,USA
2014-06-11 00:00:00,762400.0,3.0,1.75,2430,1.0,0,3,1949,4854 E Mercer Way,Mercer Island,WA 98040,USA
2014-05-23 00:00:00,80000.0,1.0,0.75,430,1.0,0,2,1912,32215 E Rutherford St,Carnation,WA 98014,USA
2014-07-03 00:00:00,290000.0,3.0,1.0,1440,1.0,0,3,1967,1901 Shattuck Ave S,Renton,WA 98055,USA
2014-05-23 00:00:00,1325000.0,4.0,3.0,3370,1.0,0,3,1988,3524 NW 67th St,Seattle,WA 98117,USA
2014-05-30 00:00:00,790000.0,4.0,2.5,2310,2.0,0,3,2013,144 NW 103rd St,Seattle,WA 98177,USA
2014-05-16 00:00:00,720000.0,2.0,1.0,2020,1.0,0,4,1947,10835 41st Ave SW,Seattle,WA 98146,USA
2014-05-20 00:00:00,620000.0,3.0,2.5,2480,2.0,0,3,2004,8719 228th Way NE,Redmond,WA 98053,USA
2014-06-16 00:00:00,566000.0,4.0,2.25,2170,2.0,0,3,1987,23238 NE 29th Ct,Sammamish,WA 98074,USA
2014-06-10 00:00:00,566000.0,4.0,1.75,2440,1.0,0,3,1954,7328 12th Ave NW,Seattle,WA 98117,USA
2014-05-20 00:00:00,335000.0,3.0,1.0,1060,1.0,0,4,1967,8136 NE 147th Pl,Kenmore,WA 98028,USA
2014-05-13 00:00:00,287600.0,3.0,2.5,1950,2.0,0,3,1990,4222 S 288th Pl,Auburn,WA 98001,USA
2014-06-05 00:00:00,240000.0,3.0,1.0,1150,1.0,0,4,1957,450 NE Birch St,Issaquah,WA 98027,USA
2014-06-26 00:00:00,537000.0,3.0,3.0,2410,2.0,0,3,1942,3715 NE 153rd St,Lake Forest Park,WA 98155,USA
2014-05-14 00:00:00,582500.0,2.0,1.5,1159,1.0,0,3,1948,4254 33rd Ave W,Seattle,WA 98199,USA
2014-06-02 00:00:00,544000.0,3.0,1.5,1790,1.5,0,3,1910,Schmitz Park to Alki Trail,Seattle,WA 98116,USA
2014-07-09 00:00:00,295000.0,2.0,1.0,800,1.0,0,4,1953,108 N 183rd St,Shoreline,WA 98133,USA
2014-05-24 00:00:00,501000.0,2.0,1.0,1010,1.0,0,5,1924,7550 Roosevelt Way NE,Seattle,WA 98115,USA
2014-06-18 00:00:00,485000.0,2.0,2.5,1430,3.0,0,3,2008,303 N 55th St,Seattle,WA 98103,USA
2014-05-18 00:00:00,534640.0,3.0,2.5,2130,1.0,0,4,1994,13440 NE 148th St,Woodinville,WA 98072,USA
2014-05-13 00:00:00,591000.0,3.0,1.75,1680,1.0,0,5,1922,1600-1608 25th Ave,Seattle,WA 98122,USA
2014-05-28 00:00:00,515000.0,4.0,2.5,2680,2.0,0,3,2004,36231 SE Isley St,Snoqualmie,WA 98065,USA
2014-07-10 00:00:00,725000.0,2.0,1.75,1950,1.0,0,5,1919,3609-3615 Whitman Ave N,Seattle,WA 98103,USA
2014-06-17 00:00:00,269500.0,2.0,1.5,1480,1.0,0,4,1978,680 Shelton Ave NE,Renton,WA 98056,USA
2014-06-26 00:00:00,224000.0,3.0,1.75,1500,1.0,0,3,2014,32428-32598 5th Ave,Black Diamond,WA 98010,USA
2014-06-06 00:00:00,525000.0,5.0,2.75,2440,1.0,0,4,1972,12806 NE 141st Ct,Kirkland,WA 98034,USA
2014-06-16 00:00:00,850000.0,4.0,3.5,4140,2.0,0,3,2003,11721 106th Ave NE,Kirkland,WA 98034,USA
2014-05-28 00:00:00,236000.0,4.0,2.25,1830,1.0,0,4,1989,4235 SW 337th Pl,Federal Way,WA 98023,USA
2014-07-07 00:00:00,1275000.0,3.0,2.5,3870,2.0,0,3,1997,17002 SE 14th Ln,Bellevue,WA 98008,USA
2014-05-15 00:00:00,580050.0,3.0,2.5,2360,2.0,0,3,1996,601 NE 76th St,Seattle,WA 98115,USA
2014-05-28 00:00:00,600000.0,3.0,1.75,1580,1.0,0,3,1967,12501 SE 4th Pl,Bellevue,WA 98005,USA
2014-06-23 00:00:00,215000.0,3.0,2.0,1340,1.0,0,3,1931,2730 S 146th St,SeaTac,WA 98168,USA
2014-05-28 00:00:00,420000.0,3.0,1.75,1820,1.0,0,3,1977,4031 W Ames Lake Dr NE,Redmond,WA 98053,USA
2014-06-18 00:00:00,3000000.0,4.0,4.25,4850,2.0,1,5,1989,11031 Champagne Point Rd NE,Kirkland,WA 98034,USA
2014-07-03 00:00:00,810000.0,3.0,1.5,1520,1.0,0,4,1954,9530 NE 5th St,Bellevue,WA 98004,USA
2014-05-27 00:00:00,425000.0,3.0,2.5,1870,2.0,0,3,2003,9032 NE 176th St,Bothell,WA 98011,USA
2014-06-06 00:00:00,1120000.0,5.0,2.75,4400,1.0,0,5,1963,15530-15998 61st Ave NE,Kenmore,WA 98028,USA
2014-05-12 00:00:00,746000.0,3.0,2.5,2620,2.0,0,3,1992,16580 SE 57th Pl,Bellevue,WA 98006,USA
2014-07-09 00:00:00,487000.0,4.0,2.5,2540,2.0,0,3,2005,6732 Mars Ave S,Seattle,WA 98108,USA
2014-06-16 00:00:00,320000.0,3.0,2.25,1200,3.0,0,3,2005,10401 Holman Rd NW,Seattle,WA 98133,USA
2014-07-08 00:00:00,440000.0,3.0,2.0,1860,2.0,0,3,1998,9700 174th Ave SE,Renton,WA 98059,USA
2014-05-30 00:00:00,560000.0,3.0,1.5,2000,1.0,0,3,1953,10605 9th Ave NW,Seattle,WA 98177,USA
2014-07-05 00:00:00,1738000.0,4.0,2.25,2920,2.0,0,4,1937,1987 Shenandoah Dr E,Seattle,WA 98112,USA
2014-06-09 00:00:00,352750.0,2.0,1.75,1060,2.0,0,3,2008,323 25th Ave S,Seattle,WA 98144,USA
2014-07-01 00:00:00,460000.0,3.0,2.5,1450,2.0,0,3,2008,1406B NW 64th St,Seattle,WA 98107,USA
2014-05-20 00:00:00,675000.0,3.0,2.25,1990,2.0,0,4,1987,16822 NE 87th St,Redmond,WA 98052,USA
2014-06-04 00:00:00,500000.0,5.0,3.0,2920,2.0,0,3,2003,18202 Dayton Ave N,Shoreline,WA 98133,USA
2014-07-02 00:00:00,185000.0,5.0,1.0,1590,1.5,0,3,1942,10626 12th Ave SW,Seattle,WA 98146,USA
2014-07-08 00:00:00,383000.0,3.0,2.25,2090,1.0,0,3,1961,608 Riverside Dr SE,North Bend,WA 98045,USA
2014-05-19 00:00:00,307000.0,3.0,1.0,1370,1.0,0,3,1960,4751 Stephens Ave,Carnation,WA 98014,USA
2014-05-20 00:00:00,480000.0,4.0,2.75,2050,1.0,0,4,1986,2612 49th Ave SW,Seattle,WA 98116,USA
2014-05-21 00:00:00,199000.0,4.0,2.0,2030,2.0,0,3,1950,11226 57th Ave S,Seattle,WA 98178,USA
2014-06-19 00:00:00,646000.0,4.0,2.5,2310,2.0,0,3,2008,8903 3rd Ave NW,Seattle,WA 98117,USA
2014-05-29 00:00:00,450000.0,4.0,2.0,2240,1.0,0,5,1956,2503 SW Portland Ct,Seattle,WA 98106,USA
2014-06-26 00:00:00,782900.0,4.0,3.25,3060,2.0,0,3,2014,2354 NW Harmony Way,Issaquah,WA 98027,USA
2014-06-17 00:00:00,1185001.0,3.0,2.75,2500,2.0,0,5,1905,723 16th Ave E,Seattle,WA 98112,USA
2014-06-10 00:00:00,710000.0,3.0,3.5,2440,2.0,0,3,2000,2469 132nd Ave SE,Bellevue,WA 98005,USA
2014-06-12 00:00:00,397990.0,3.0,1.0,1180,1.0,0,4,1948,11739 4th Ave NW,Seattle,WA 98177,USA
2014-06-18 00:00:00,650000.0,3.0,1.5,1320,1.0,0,3,1951,3110 109th Ave SE,Bellevue,WA 98004,USA
2014-05-10 00:00:00,394950.0,3.0,2.5,1350,3.0,0,3,2006,5940 California Ave SW,Seattle,WA 98136,USA
2014-06-26 00:00:00,150000.0,3.0,1.0,1310,1.0,0,3,1962,34025 39th Ave S,Auburn,WA 98001,USA
2014-05-30 00:00:00,465000.0,4.0,2.25,1820,1.0,0,5,1977,15812 182nd Ave NE,Woodinville,WA 98072,USA
2014-06-11 00:00:00,329950.0,3.0,2.5,2456,2.0,0,3,2012,33800-33998 12th Pl SW,Federal Way,WA 98023,USA
2014-06-04 00:00:00,760500.0,3.0,2.0,1990,1.0,0,5,1912,4117 Bagley Ave N,Seattle,WA 98103,USA
2014-05-14 00:00:00,499000.0,3.0,2.0,2090,1.5,0,3,1959,30004 SE Lake Retreat S Dr,Ravensdale,WA 98051,USA
2014-07-08 00:00:00,357562.0,2.0,1.75,1210,2.0,0,3,2014,2520 Mulberry Walk NE,Issaquah,WA 98029,USA
2014-06-20 00:00:00,979000.0,3.0,1.5,1700,1.0,0,4,1954,9000 Lake Washington Blvd NE,Bellevue,WA 98004,USA
2014-06-20 00:00:00,455000.0,3.0,2.25,1470,2.0,0,4,1985,24201-24231 SE 43rd Ct,Issaquah,WA 98029,USA
2014-07-01 00:00:00,712000.0,3.0,2.5,2375,2.0,0,3,2002,6248 189th Pl NE,Redmond,WA 98052,USA
2014-05-14 00:00:00,385000.0,4.0,1.75,1620,1.0,0,4,1947,10037 Interlake Ave N,Seattle,WA 98133,USA
2014-05-27 00:00:00,949880.0,4.0,2.25,2290,2.0,0,3,1978,10413 SE 25th St,Bellevue,WA 98004,USA
2014-06-03 00:00:00,402500.0,3.0,3.25,2780,2.0,0,3,2009,14806 279th Ln NE,Duvall,WA 98019,USA
2014-06-17 00:00:00,866059.0,5.0,3.5,3130,2.0,0,3,2014,15845 SE 44th Ct,Bellevue,WA 98006,USA
2014-07-07 00:00:00,1636000.0,3.0,2.5,3110,2.0,0,4,1946,8240 Fairway Dr NE,Seattle,WA 98115,USA
2014-05-21 00:00:00,520000.0,4.0,2.5,3290,2.0,0,3,1992,8020 NE 153rd Pl,Kenmore,WA 98028,USA
2014-05-12 00:00:00,225000.0,3.0,1.0,990,1.0,0,4,1966,16411 120th Ave SE,Renton,WA 98058,USA
2014-06-10 00:00:00,1230000.0,4.0,2.5,3040,2.0,0,3,2001,7024 SE 20th St,Mercer Island,WA 98040,USA
2014-07-01 00:00:00,1060000.0,4.0,2.5,4570,2.0,0,3,1990,1630 204th Pl NE,Sammamish,WA 98074,USA
2014-06-09 00:00:00,400000.0,4.0,3.5,2370,2.5,0,3,2013,3704 NE 14th St,Renton,WA 98056,USA
2014-06-23 00:00:00,165000.0,3.0,1.0,1200,1.0,0,3,1943,14301 Interurban Ave S,Tukwila,WA 98168,USA
2014-06-20 00:00:00,1135000.0,6.0,4.25,6900,2.0,0,4,2002,16903 246th Ave NE,Woodinville,WA 98077,USA
2014-07-09 00:00:00,550000.0,4.0,1.0,1440,1.5,0,4,1924,3822 42nd Ave SW,Seattle,WA 98116,USA
2014-06-25 00:00:00,276900.0,3.0,1.0,1270,1.0,0,4,1958,1711 Monroe Ave NE,Renton,WA 98056,USA
2014-05-27 00:00:00,540000.0,4.0,4.25,1960,2.0,0,3,1940,2113 41st Ave SW,Seattle,WA 98116,USA
2014-05-23 00:00:00,149000.0,3.0,1.0,1700,1.0,0,3,1955,12701 2nd Ave SW,Seattle,WA 98146,USA
2014-05-15 00:00:00,312000.0,3.0,2.25,1490,2.0,0,3,2009,5021 Delridge Way SW,Seattle,WA 98106,USA
2014-05-20 00:00:00,317061.875,3.0,1.75,1280,1.0,0,4,1969,14201-14211 146th Pl SE,Renton,WA 98059,USA
2014-06-26 00:00:00,471000.0,2.0,1.75,1240,1.0,0,5,1924,6528 37th Ave SW,Seattle,WA 98126,USA
2014-06-20 00:00:00,905000.0,4.0,3.5,2970,2.0,0,3,1997,9400 SE 47th St,Mercer Island,WA 98040,USA
2014-06-19 00:00:00,352450.0,3.0,2.0,1430,1.0,0,5,1945,17510 12th Ave NE,Shoreline,WA 98155,USA
2014-05-21 00:00:00,1506000.0,4.0,3.25,3660,2.5,0,3,1909,1020 15th Ave E,Seattle,WA 98112,USA
2014-05-12 00:00:00,235000.0,1.0,1.0,810,1.0,0,5,1941,9413 34th Ave SW,Seattle,WA 98126,USA
2014-06-23 00:00:00,335000.0,1.0,1.0,720,1.0,0,3,1907,7325 18th Ave NW,Seattle,WA 98117,USA
2014-05-15 00:00:00,803100.0,4.0,2.5,3310,2.0,0,3,2004,19107 NE 64th Way,Redmond,WA 98052,USA
2014-06-06 00:00:00,402000.0,3.0,2.5,2700,1.0,0,4,1959,22728 10th Ave S,Des Moines,WA 98198,USA
2014-06-11 00:00:00,234000.0,3.0,2.0,1640,1.5,0,5,1910,28 M St NE,Auburn,WA 98002,USA
2014-05-15 00:00:00,465000.0,3.0,1.75,1410,1.0,0,3,1924,12215 Dayton Ave N,Seattle,WA 98133,USA
2014-06-25 00:00:00,352000.0,4.0,1.0,1530,1.0,0,3,1925,7940 12th Ave SW,Seattle,WA 98106,USA
2014-05-14 00:00:00,266000.0,3.0,2.5,1780,1.0,0,4,1986,26205 119th Dr SE,Kent,WA 98030,USA
2014-06-28 00:00:00,234000.0,3.0,1.0,1040,1.0,0,3,1983,26720 NE Stewart St,Duvall,WA 98019,USA
2014-05-14 00:00:00,310000.0,3.0,1.0,1050,1.0,0,3,1953,18527 Kenlake Pl NE,Kenmore,WA 98028,USA
2014-07-01 00:00:00,332888.0,2.0,2.5,1050,2.0,0,3,2007,101-115 26th Ave,Seattle,WA 98122,USA
2014-05-14 00:00:00,682000.0,3.0,1.75,1830,1.5,0,5,1903,322 16th Ave,Seattle,WA 98122,USA
2014-05-20 00:00:00,206000.0,4.0,2.0,1700,1.0,0,3,1978,606 5th St SE,Auburn,WA 98002,USA
2014-05-14 00:00:00,498000.0,4.0,2.75,2270,1.0,0,4,1973,12901 NE 136th St,Kirkland,WA 98034,USA
2014-07-09 00:00:00,507000.0,3.0,1.75,2140,1.0,0,5,1950,17295-17403 SE 192nd Dr,Renton,WA 98058,USA
2014-05-12 00:00:00,110000.0,3.0,1.0,1250,1.0,0,5,1945,19693-19799 SE Maple Valley Hwy,Maple Valley,WA 98038,USA
2014-06-05 00:00:00,700000.0,3.0,2.5,2050,2.0,0,3,2011,8708 12th Ave NW,Seattle,WA 98117,USA
2014-07-07 00:00:00,588000.0,3.0,2.0,1860,2.0,0,5,1908,8222 16th Ave NE,Seattle,WA 98115,USA
2014-06-17 00:00:00,430000.0,3.0,2.0,1730,1.0,0,3,1978,975-1005 Greenwood Blvd SW,Issaquah,WA 98027,USA
2014-05-21 00:00:00,619420.0,4.0,2.75,2450,2.0,0,4,1988,8537 135th Ave SE,Newcastle,WA 98059,USA
2014-06-26 00:00:00,772650.0,4.0,2.5,2660,1.0,0,3,1955,12345 SE 23rd Pl,Bellevue,WA 98005,USA
2014-06-13 00:00:00,305000.0,3.0,1.5,1210,1.0,0,4,1983,5445 17th Ave SW,Seattle,WA 98106,USA
2014-05-20 00:00:00,330000.0,3.0,1.0,1180,1.0,0,4,1959,8442-8514 WA-900,Issaquah,WA 98027,USA
2014-07-01 00:00:00,219950.0,3.0,1.5,1620,1.0,0,4,1967,17459 SE 262nd St,Covington,WA 98042,USA
2014-07-02 00:00:00,265000.0,4.0,3.0,1940,1.0,0,4,1948,15022 25th Ave NE,Shoreline,WA 98155,USA
2014-06-29 00:00:00,265000.0,3.0,1.0,1800,1.0,0,5,1957,600 Jefferson Ave NE,Renton,WA 98056,USA
2014-05-21 00:00:00,950000.0,5.0,3.75,5330,2.0,0,3,2006,832 Summerhill Ridge Dr NW,Issaquah,WA 98027,USA
2014-07-09 00:00:00,610000.0,3.0,2.5,2630,2.0,0,3,2001,9954 227th Way NE,Redmond,WA 98053,USA
2014-07-02 00:00:00,600000.0,5.0,2.0,2190,1.0,0,5,1965,14314 NE 72nd St,Redmond,WA 98052,USA
2014-06-27 00:00:00,355000.0,4.0,2.5,1890,2.0,0,3,1996,24920-24925 235th Way SE,Maple Valley,WA 98038,USA
2014-07-09 00:00:00,335500.0,3.0,1.0,1370,2.0,0,3,1930,12008 35th Ave NE,Seattle,WA 98125,USA
2014-06-03 00:00:00,590000.0,4.0,4.25,2360,2.0,0,4,1939,2862 S 354th Ln,Federal Way,WA 98003,USA
2014-05-26 00:00:00,880000.0,3.0,2.0,2130,1.0,0,4,1989,16704 162nd Ave NE,Woodinville,WA 98072,USA
2014-05-15 00:00:00,390000.0,3.0,2.5,2240,2.0,0,3,1996,15839 84th Ave NE,Kenmore,WA 98028,USA
2014-05-21 00:00:00,360000.0,3.0,2.5,1530,3.0,0,3,2009,933 N 97th St,Seattle,WA 98103,USA
2014-05-15 00:00:00,575000.0,4.0,2.5,3020,1.0,0,3,1979,4527-4553 NE 201st Pl,Lake Forest Park,WA 98155,USA
2014-06-17 00:00:00,465000.0,2.0,2.75,1430,2.0,0,3,2006,224 26th Ave E,Seattle,WA 98112,USA
2014-05-12 00:00:00,927000.0,4.0,2.75,3300,2.0,0,3,1953,9155 NE 21st Pl,Clyde Hill,WA 98004,USA
2014-07-07 00:00:00,378000.0,3.0,2.5,1601,3.0,0,3,2007,12341 10th Pl NE,Seattle,WA 98125,USA
2014-06-17 00:00:00,479000.0,2.0,2.25,1230,2.0,0,3,2004,106 24th Ave E,Seattle,WA 98112,USA
2014-06-02 00:00:00,789000.0,3.0,3.0,3740,2.0,0,3,1991,9900 SW Quartermaster Dr,Vashon,WA 98070,USA
2014-06-17 00:00:00,229950.0,3.0,2.0,1410,1.0,0,3,1983,14609 SE 195th Pl,Renton,WA 98058,USA
2014-07-08 00:00:00,362000.0,5.0,3.0,1810,2.0,0,3,1998,4519 33rd Ave S,Seattle,WA 98118,USA
2014-06-09 00:00:00,378500.0,2.0,1.0,730,1.0,0,3,1946,2048 NE 97th St,Seattle,WA 98115,USA
2014-06-09 00:00:00,475000.0,4.0,2.75,1980,1.0,0,5,1952,19523 53rd Ave NE,Lake Forest Park,WA 98155,USA
2014-06-23 00:00:00,459950.0,4.0,2.5,2000,2.0,0,3,2003,8928 NE 176th St,Bothell,WA 98011,USA
2014-07-02 00:00:00,512031.0,3.0,1.75,1540,1.0,0,3,1920,6528 3rd Ave NW,Seattle,WA 98117,USA
2014-06-17 00:00:00,250000.0,2.0,1.5,1088,2.0,0,3,1983,9603 NE 121st Ln,Kirkland,WA 98034,USA
2014-06-11 00:00:00,515000.0,3.0,2.5,3370,2.0,0,3,1951,15043 Densmore Ave N,Shoreline,WA 98133,USA
2014-06-17 00:00:00,204950.0,4.0,1.75,1740,1.0,0,3,1978,5108 SW 316th Pl,Federal Way,WA 98023,USA
2014-05-27 00:00:00,468000.0,2.0,1.0,1160,1.0,0,4,1942,3169 NE 85th St,Seattle,WA 98115,USA
2014-06-18 00:00:00,310000.0,4.0,2.5,2660,1.0,0,4,1960,820 S 300th St,Federal Way,WA 98003,USA
2014-06-19 00:00:00,240000.0,4.0,2.0,1790,1.0,0,4,1960,1009 S 229th Pl,Des Moines,WA 98198,USA
2014-07-02 00:00:00,0.0,3.0,1.0,1520,1.0,0,3,1956,2533 155th Pl SE,Bellevue,WA 98007,USA
2014-06-05 00:00:00,440000.0,3.0,1.0,1050,1.0,0,3,1900,6057-6061 50th Ave SW,Seattle,WA 98136,USA
2014-05-23 00:00:00,661254.0,4.0,4.0,2290,1.5,0,5,1940,2319 41st Ave SW,Seattle,WA 98116,USA
2014-06-26 00:00:00,1025000.0,4.0,3.5,3320,1.0,0,4,1977,8434 W Mercer Way,Mercer Island,WA 98040,USA
2014-06-13 00:00:00,299000.0,3.0,1.75,1180,1.0,0,5,1962,18438 SE 135th St,Renton,WA 98059,USA
2014-06-06 00:00:00,969990.0,4.0,2.5,4150,2.0,0,3,2014,3324 225th Ave SE,Sammamish,WA 98075,USA
2014-07-01 00:00:00,540000.0,3.0,1.75,2050,1.0,0,3,1984,22607 NE 14th Dr,Sammamish,WA 98074,USA
2014-05-20 00:00:00,467000.0,3.0,2.25,1270,2.0,0,3,2005,1427 NW 62nd St,Seattle,WA 98107,USA
2014-06-19 00:00:00,340000.0,3.0,2.5,2480,2.0,0,3,2004,18210 170th Pl SE,Renton,WA 98058,USA
2014-06-12 00:00:00,501000.0,3.0,1.75,1970,1.0,0,5,1976,8600-8604 NW 5th St,Renton,WA 98057,USA
2014-05-19 00:00:00,640000.0,2.0,2.25,1540,3.0,0,3,2007,1806 11th Ave,Seattle,WA 98122,USA
2014-05-14 00:00:00,160000.0,3.0,1.0,860,1.0,0,4,1963,27204 116th Pl SE,Kent,WA 98030,USA
2014-05-27 00:00:00,675000.0,3.0,2.5,2540,2.0,0,4,1940,12037 6th Ave NW,Seattle,WA 98177,USA
2014-06-30 00:00:00,427500.0,2.0,2.0,1090,3.0,0,3,2008,1700 Dexter Ave N,Seattle,WA 98109,USA
2014-06-16 00:00:00,385000.0,4.0,2.5,2960,2.0,0,3,2006,26920 229th Pl SE,Maple Valley,WA 98038,USA
2014-07-08 00:00:00,399500.0,4.0,1.75,1360,1.5,0,4,1928,5048 35th Ave SW,Seattle,WA 98126,USA
2014-06-09 00:00:00,345000.0,2.0,1.5,1340,2.0,0,3,2008,1718-1748 21st Ave S,Seattle,WA 98144,USA
2014-06-10 00:00:00,533112.0,4.0,2.75,2790,2.0,0,3,2013,1030 SE 10th St,North Bend,WA 98045,USA
2014-05-28 00:00:00,225000.0,3.0,2.5,1680,2.0,0,3,1994,30410 128th Pl SE,Auburn,WA 98092,USA
2014-06-30 00:00:00,327500.0,3.0,2.25,2310,2.0,0,3,1990,11103 SE 219th Pl,Kent,WA 98031,USA
2014-06-22 00:00:00,687000.0,4.0,2.5,2370,2.0,0,5,1966,13010 NE 74th St,Kirkland,WA 98033,USA
2014-05-13 00:00:00,780000.0,3.0,1.75,2340,1.0,0,4,1967,8421 SE 72nd Pl,Mercer Island,WA 98040,USA
2014-06-05 00:00:00,268500.0,4.0,2.5,2100,2.0,0,3,2006,12519 SE 236th Pl,Kent,WA 98031,USA
2014-05-20 00:00:00,500000.0,3.0,2.5,1210,3.0,0,3,2008,3903 Woodland Park Ave N,Seattle,WA 98103,USA
2014-06-05 00:00:00,495000.0,5.0,3.0,2440,1.0,0,3,2006,5954 24th Ave S,Seattle,WA 98108,USA
2014-06-02 00:00:00,686000.0,3.0,1.5,1840,2.0,0,5,1961,11727 9th Ave NW,Seattle,WA 98177,USA
2014-06-26 00:00:00,575000.0,5.0,3.0,3690,1.0,0,3,1960,23444 10th Ave S,Des Moines,WA 98198,USA
2014-06-02 00:00:00,610000.0,5.0,2.5,3990,1.0,0,4,1962,431 26th Ave E,Seattle,WA 98112,USA
2014-07-08 00:00:00,455000.0,4.0,3.5,3440,2.0,0,4,2002,21625 4th Ave S,Normandy Park,WA 98198,USA
2014-06-30 00:00:00,635000.0,3.0,2.5,3350,2.0,0,3,2005,10068 NE 142nd Pl,Kirkland,WA 98034,USA
2014-06-28 00:00:00,475000.0,3.0,2.5,1700,1.0,0,3,1998,7318 36th Ave SW,Seattle,WA 98126,USA
2014-07-02 00:00:00,305000.0,3.0,1.0,1580,1.0,0,3,1962,12633 SE 158th St,Renton,WA 98058,USA
2014-07-08 00:00:00,315000.0,2.0,1.0,1080,1.0,0,4,1919,4820 12th Ave S,Seattle,WA 98108,USA
2014-06-02 00:00:00,275000.0,3.0,2.0,1380,1.0,0,3,2008,24031 SE 262nd Pl,Maple Valley,WA 98038,USA
2014-05-21 00:00:00,260000.0,6.0,2.0,2220,1.0,0,3,1977,142 11th St SE,Auburn,WA 98002,USA
2014-05-21 00:00:00,744000.0,4.0,2.75,2830,2.0,0,3,1998,26592 SE 15th St,Sammamish,WA 98075,USA
2014-05-23 00:00:00,255000.0,3.0,2.0,1490,1.5,0,3,1984,11405 SE 229th St,Kent,WA 98031,USA
2014-05-20 00:00:00,380000.0,4.0,3.0,2800,2.0,0,3,2002,24729 SE 276th Pl,Maple Valley,WA 98038,USA
2014-06-23 00:00:00,345000.0,3.0,1.5,1420,2.0,0,3,2008,1707 22nd Ave S,Seattle,WA 98144,USA
2014-05-12 00:00:00,0.0,5.0,4.5,4630,2.0,0,3,2006,6925 Oakmont Ave SE,Snoqualmie,WA 98065,USA
2014-07-08 00:00:00,485000.0,4.0,2.25,1900,1.0,0,3,1977,11042 31st Ave SW,Seattle,WA 98146,USA
2014-06-19 00:00:00,464000.0,3.0,1.0,1320,2.0,0,3,1900,316 35th Ave,Seattle,WA 98122,USA
2014-06-25 00:00:00,762000.0,4.0,3.5,4000,2.0,0,3,2007,34006 SE Salal St,Snoqualmie,WA 98065,USA
2014-06-30 00:00:00,492650.0,4.0,1.75,2120,1.0,0,3,1967,520 NW 201st Pl,Shoreline,WA 98177,USA
2014-05-29 00:00:00,156766.666667,2.0,1.0,1500,1.5,0,3,1928,220 Garden Ave N,Renton,WA 98057,USA
2014-06-18 00:00:00,764000.0,4.0,2.5,2790,2.0,0,3,1997,23319 NE 15th St,Sammamish,WA 98074,USA
2014-06-05 00:00:00,299950.0,4.0,1.75,1560,1.0,0,4,1965,13228 SE 294th Pl,Auburn,WA 98092,USA
2014-06-16 00:00:00,1735000.0,4.0,2.25,3040,2.0,0,4,1926,3907 47th Ave NE,Seattle,WA 98105,USA
2014-06-19 00:00:00,1440000.0,3.0,3.5,3870,2.0,0,3,2002,2720 Boyer Ave E,Seattle,WA 98102,USA
2014-07-07 00:00:00,509900.0,3.0,2.5,3030,2.0,0,3,2009,5221 NE 7th Pl,Renton,WA 98059,USA
2014-06-10 00:00:00,310000.0,3.0,1.75,1420,1.0,0,4,1984,2714 NE 4th Ct,Renton,WA 98056,USA
2014-05-22 00:00:00,180000.0,2.0,1.0,1400,1.0,0,3,1922,309 Hardie Ave NW,Renton,WA 98057,USA
2014-07-01 00:00:00,276000.0,1.0,0.75,370,1.0,0,5,1923,2508 NW 67th St,Seattle,WA 98117,USA
2014-06-04 00:00:00,746000.0,3.0,2.25,2370,1.0,0,4,1973,18119 NE 30th St,Redmond,WA 98052,USA
2014-06-25 00:00:00,330000.0,6.0,2.25,3040,1.0,0,3,1951,614 Hazel Ave N,Kent,WA 98030,USA
2014-06-04 00:00:00,170000.0,2.0,1.0,1500,1.0,0,3,1950,14426-14598 42nd Ave S,Tukwila,WA 98168,USA
2014-05-29 00:00:00,685000.0,3.0,1.75,1940,1.0,0,4,1960,8750 Fauntlee Crest SW,Seattle,WA 98136,USA
2014-05-30 00:00:00,425000.0,3.0,2.25,1820,1.0,0,3,1974,13807 129th Pl NE,Kirkland,WA 98034,USA
2014-05-12 00:00:00,1015000.0,3.0,2.5,2920,1.0,0,4,1954,5220 SW Pritchard St,Seattle,WA 98116,USA
2014-05-28 00:00:00,840500.0,3.0,2.0,2520,1.5,0,4,1906,1917 3rd Ave W,Seattle,WA 98119,USA
2014-07-09 00:00:00,1240000.0,5.0,3.5,5430,2.0,0,3,2007,6151 168th Pl SE,Bellevue,WA 98006,USA
2014-07-01 00:00:00,349500.0,3.0,2.0,1270,1.0,0,3,1963,2709 E Marion St,Seattle,WA 98122,USA
2014-07-07 00:00:00,1450000.0,4.0,3.25,3770,2.0,0,5,1925,410 Wheeler St,Seattle,WA 98109,USA
2014-06-09 00:00:00,307550.0,4.0,2.5,1980,2.0,0,3,2003,11717 SE 234th Pl,Kent,WA 98031,USA
2014-07-01 00:00:00,452000.0,3.0,1.75,1110,1.0,0,4,1966,5321-5327 156th Dr NE,Redmond,WA 98052,USA
2014-07-01 00:00:00,590000.0,3.0,2.0,1410,1.0,0,4,1947,7264 27th Ave NE,Seattle,WA 98115,USA
2014-06-12 00:00:00,900000.0,4.0,2.25,2460,1.0,0,4,1957,539 145th Ave SE,Bellevue,WA 98007,USA
2014-06-26 00:00:00,385000.0,4.0,2.5,3200,1.0,0,5,1970,23310 118th Pl SE,Kent,WA 98031,USA
2014-06-23 00:00:00,806000.0,4.0,2.5,2500,1.0,0,3,1997,8510 258th Ave NE,Redmond,WA 98053,USA
2014-06-23 00:00:00,324000.0,4.0,1.75,2110,1.0,0,3,1975,17403 159th Ave SE,Renton,WA 98058,USA
2014-05-21 00:00:00,475000.0,4.0,2.0,1790,1.0,0,4,1909,1017 N 38th St,Seattle,WA 98103,USA
2014-07-08 00:00:00,999000.0,4.0,2.5,3130,2.0,0,3,2013,9006 116th Ave NE,Kirkland,WA 98033,USA
2014-05-22 00:00:00,408000.0,3.0,2.25,1950,1.0,0,4,2006,3742 S 192nd St,SeaTac,WA 98188,USA
2014-06-12 00:00:00,306000.0,4.0,2.5,2490,2.0,0,3,2001,29742 129th Pl SE,Auburn,WA 98092,USA
2014-06-20 00:00:00,1462497.0,5.0,3.25,3840,3.0,0,3,2008,1116 33rd Ave S,Seattle,WA 98144,USA
2014-06-20 00:00:00,511500.0,4.0,1.0,1360,1.5,0,3,1917,7714 37th Ave NE,Seattle,WA 98115,USA
2014-06-12 00:00:00,445000.0,3.0,1.0,1050,1.0,0,4,1947,8244 40th Ave NE,Seattle,WA 98115,USA
2014-05-27 00:00:00,344950.0,4.0,2.0,2330,1.0,0,4,1941,440 Scenic Way,Kent,WA 98030,USA
2014-06-30 00:00:00,263400.0,4.0,2.0,1360,1.0,0,3,1960,36656 55th Pl S,Auburn,WA 98001,USA
2014-05-22 00:00:00,349900.0,4.0,2.5,2052,2.0,0,3,2014,35650 30th Ave S,Federal Way,WA 98003,USA
2014-06-24 00:00:00,1295648.0,0.0,0.0,4810,2.0,0,3,1990,20418 NE 64th Pl,Redmond,WA 98053,USA
2014-06-25 00:00:00,260000.0,3.0,1.5,1580,1.0,0,3,1954,19307 4th Ave S,Des Moines,WA 98148,USA
2014-05-22 00:00:00,657000.0,4.0,1.75,2740,1.0,0,3,1954,5524 S Morgan St,Seattle,WA 98118,USA
2014-06-24 00:00:00,1157400.0,3.0,2.5,2740,2.0,0,3,1913,1226 22nd Ave E,Seattle,WA 98112,USA
2014-05-14 00:00:00,400000.0,2.0,1.0,980,1.0,0,4,1918,6520-6588 8th Ave NW,Seattle,WA 98117,USA
2014-06-26 00:00:00,775000.0,3.0,2.75,2850,1.0,0,4,1976,4904 145th Ave SE,Bellevue,WA 98006,USA
2014-06-23 00:00:00,285000.0,3.0,2.5,1660,2.0,0,3,2003,27924-27998 150th Pl SE,Kent,WA 98042,USA
2014-06-06 00:00:00,294700.0,3.0,2.0,1970,1.0,0,4,1967,2604 S 357th St,Federal Way,WA 98003,USA
2014-06-25 00:00:00,280000.0,7.0,2.5,1940,2.0,0,3,1994,12307 SE 315th Pl,Auburn,WA 98092,USA
2014-05-14 00:00:00,542000.0,4.0,1.75,1900,1.0,0,4,1955,3810 145th Ave SE,Bellevue,WA 98006,USA
2014-06-05 00:00:00,1300000.0,6.0,4.5,3902,3.0,0,4,1977,2306 Halleck Ave SW,Seattle,WA 98116,USA
2014-05-16 00:00:00,619000.0,3.0,2.5,2720,2.0,0,3,2005,6516 Denny Peak Dr SE,Snoqualmie,WA 98065,USA
2014-06-23 00:00:00,633634.0,4.0,3.5,2960,2.0,0,3,2014,34115 SE Ash St,Snoqualmie,WA 98065,USA
2014-06-05 00:00:00,289000.0,3.0,2.0,1680,1.0,0,3,1993,710 Victor St,Enumclaw,WA 98022,USA
2014-05-22 00:00:00,307000.0,3.0,1.5,2320,1.0,0,3,1976,26905 NE Cherry St,Duvall,WA 98019,USA
2014-05-19 00:00:00,296500.0,3.0,2.75,2170,1.0,0,4,1978,26715 Stanford Ct,Kent,WA 98032,USA
2014-07-09 00:00:00,300000.0,4.0,1.75,1820,1.0,0,4,1926,1714 S Pearl St,Seattle,WA 98108,USA
2014-05-30 00:00:00,309487.5,3.0,2.5,2260,2.0,0,3,1994,17207 190th Ave SE,Renton,WA 98058,USA
2014-07-01 00:00:00,510000.0,3.0,1.75,1750,2.0,0,3,1934,30734 229th Pl SE,Black Diamond,WA 98010,USA
2014-06-23 00:00:00,239950.0,3.0,1.75,1230,1.0,0,4,1984,26119 185th Pl SE,Covington,WA 98042,USA
2014-05-27 00:00:00,360000.0,3.0,1.0,1570,1.0,0,3,1954,19141 1st Ave NW,Shoreline,WA 98177,USA
2014-07-10 00:00:00,350000.0,4.0,1.0,1170,1.5,0,3,1959,3611 NE 137th St,Seattle,WA 98125,USA
2014-05-12 00:00:00,850000.0,4.0,1.75,2350,1.0,0,4,1961,8223 SE 71st St,Mercer Island,WA 98040,USA
2014-05-20 00:00:00,1100000.0,3.0,2.0,2390,2.0,0,5,1939,7529 Lakemont Dr NE,Seattle,WA 98115,USA
2014-07-08 00:00:00,245000.0,3.0,2.5,1600,2.0,0,4,1992,11539 SE 221st Pl,Kent,WA 98031,USA
2014-05-12 00:00:00,330000.0,5.0,3.0,2100,1.0,0,3,2013,1047-1099 S 130th St,Burien,WA 98168,USA
2014-06-23 00:00:00,715000.0,4.0,2.5,2650,1.0,0,4,1960,23264 SE 54th Pl,Issaquah,WA 98029,USA
2014-06-02 00:00:00,653000.0,3.0,2.5,2290,2.0,0,3,2006,2172 NE Noble St,Issaquah,WA 98029,USA
2014-06-27 00:00:00,661500.0,5.0,2.5,2500,1.0,0,4,1977,16426 NE 107th Pl,Redmond,WA 98052,USA
2014-05-30 00:00:00,659000.0,4.0,2.5,3190,1.0,0,5,1946,10326 Fischer Pl NE,Seattle,WA 98125,USA
2014-05-16 00:00:00,540000.0,1.0,1.0,1140,1.5,0,3,1920,9055 Palatine Ave N,Seattle,WA 98103,USA
2014-06-07 00:00:00,490000.0,3.0,3.0,1730,3.0,0,3,1985,2639 NW 86th St,Seattle,WA 98117,USA
2014-07-03 00:00:00,430000.0,3.0,1.5,1810,1.0,0,3,1958,7321 39th Ave NE,Seattle,WA 98115,USA
2014-05-20 00:00:00,700000.0,4.0,1.0,1680,1.5,0,3,1921,2139 N 52nd St,Seattle,WA 98103,USA
2014-05-15 00:00:00,582800.0,4.0,2.75,2550,1.0,0,3,1986,21023-21029 NE 42nd St,Sammamish,WA 98074,USA
2014-05-30 00:00:00,475000.0,2.0,2.0,1540,2.0,0,3,1983,3304 288th Ave NE,Redmond,WA 98053,USA
2014-05-16 00:00:00,875000.0,3.0,2.0,2220,1.0,0,4,1947,2559 24th Ave W,Seattle,WA 98199,USA
2014-07-07 00:00:00,195000.0,2.0,1.0,1190,1.0,0,4,1910,205 SW Gibson Ln,Issaquah,WA 98027,USA
2014-07-01 00:00:00,952500.0,4.0,1.5,2550,2.0,0,4,1910,1901 25th Ave E,Seattle,WA 98112,USA
2014-05-19 00:00:00,462000.0,3.0,1.5,1710,1.5,0,3,1928,5151 S Othello St,Seattle,WA 98118,USA
2014-06-19 00:00:00,712000.0,3.0,2.75,3200,2.0,0,3,2004,26008 SE 23rd Pl,Sammamish,WA 98075,USA
2014-05-16 00:00:00,375000.0,3.0,1.5,1100,2.0,0,3,2007,2001 S Norman St,Seattle,WA 98144,USA
2014-07-10 00:00:00,545000.0,2.0,2.0,2930,1.0,0,4,1980,22514 101st Ln SW,Vashon,WA 98070,USA
2014-06-19 00:00:00,1325000.0,4.0,2.5,2440,2.5,0,4,1902,400 W Highland Dr,Seattle,WA 98119,USA
2014-07-08 00:00:00,325000.0,2.0,1.0,800,1.0,0,3,1953,7354 27th Ave SW,Seattle,WA 98126,USA
2014-06-20 00:00:00,489000.0,4.0,2.0,2120,1.0,0,4,1940,10822-10830 24th Ave NE,Seattle,WA 98125,USA
2014-06-24 00:00:00,520000.0,3.0,1.75,2300,1.0,0,3,1984,16203 170th Ave NE,Woodinville,WA 98072,USA
2014-06-20 00:00:00,640000.0,2.0,1.75,1760,1.0,0,4,1930,3526 Ashworth Ave N,Seattle,WA 98103,USA
2014-06-10 00:00:00,558000.0,4.0,2.0,2180,1.0,0,3,1900,729 23rd Ave,Seattle,WA 98122,USA
2014-05-22 00:00:00,926300.0,3.0,1.5,1660,2.0,0,3,1907,1814 1st Ave W,Seattle,WA 98119,USA
2014-06-18 00:00:00,365000.0,3.0,2.5,2640,2.0,0,3,1991,17917 162nd Pl SE,Renton,WA 98058,USA
2014-06-18 00:00:00,239950.0,3.0,1.75,1670,1.0,0,3,1978,33838 37th Ave SW,Federal Way,WA 98023,USA
2014-07-01 00:00:00,401000.0,3.0,2.0,1240,1.0,0,3,1984,3027 230th Pl NE,Sammamish,WA 98074,USA
2014-07-08 00:00:00,550000.0,3.0,3.5,2490,2.0,0,3,2005,320 NW Boulder Pl,Issaquah,WA 98027,USA
2014-05-23 00:00:00,670500.0,4.0,2.0,1590,1.0,0,3,1951,2333 12th Ave E,Seattle,WA 98102,USA
2014-06-26 00:00:00,450000.0,3.0,1.5,1530,1.0,0,3,1952,3210 NE 163rd St,Lake Forest Park,WA 98155,USA
2014-06-25 00:00:00,270000.0,3.0,2.5,1670,1.0,0,4,1990,19223 SE 259th Pl,Covington,WA 98042,USA
2014-06-12 00:00:00,656500.0,4.0,2.0,2710,1.0,0,4,1919,6326 21st Ave NE,Seattle,WA 98115,USA
2014-06-04 00:00:00,299000.0,1.0,0.75,560,1.0,0,3,1967,8314 361st Ave NE,Carnation,WA 98014,USA
2014-05-28 00:00:00,1285000.0,4.0,2.5,3240,1.0,0,3,1946,5726 61st Ave NE,Seattle,WA 98105,USA
2014-07-01 00:00:00,337000.0,3.0,2.25,1460,3.0,0,3,2006,11707 Greenwood Ave N,Seattle,WA 98133,USA
2014-06-25 00:00:00,562100.0,2.0,0.75,1440,1.0,0,3,1914,5641-5645 6th Ave NW,Seattle,WA 98107,USA
2014-05-20 00:00:00,263000.0,3.0,1.75,1570,2.0,0,3,1982,9226 S 239th Pl,Kent,WA 98031,USA
2014-06-23 00:00:00,831500.0,5.0,2.5,4470,2.5,0,3,1984,15002 191st Ave NE,Woodinville,WA 98072,USA
2014-06-16 00:00:00,163785.714286,2.0,1.0,760,1.5,0,3,1947,11023 4th Ave S,Seattle,WA 98168,USA
2014-06-18 00:00:00,690000.0,3.0,3.25,1540,3.0,0,3,2013,423 N 50th St,Seattle,WA 98103,USA
2014-06-24 00:00:00,160000.0,3.0,1.5,1010,1.0,0,4,1962,21416 13th Ave S,Des Moines,WA 98198,USA
2014-06-24 00:00:00,502000.0,3.0,2.0,1300,1.0,0,3,1955,4029 142nd Ave SE,Bellevue,WA 98006,USA
2014-07-09 00:00:00,275000.0,3.0,1.0,1200,1.0,0,4,1954,9246 30th Ave SW,Seattle,WA 98126,USA
2014-07-02 00:00:00,1038000.0,4.0,1.75,1440,1.0,0,4,1967,10208 NE 26th St,Bellevue,WA 98004,USA
2014-06-02 00:00:00,542804.75,5.0,2.75,2910,1.0,0,3,1977,19720 SE 21st St,Sammamish,WA 98075,USA
2014-07-09 00:00:00,215000.0,3.0,1.0,1200,1.0,0,4,1967,4503 S 256th St,Kent,WA 98032,USA
2014-06-19 00:00:00,280000.0,3.0,3.0,3910,2.0,0,3,1985,31751 NE 110th St,Carnation,WA 98014,USA
2014-05-13 00:00:00,449500.0,3.0,2.0,1770,1.0,0,4,1954,19293 Stone Ave N,Shoreline,WA 98133,USA
2014-05-22 00:00:00,749000.0,4.0,2.5,2930,2.0,0,3,1998,1645 219th Pl SE,Sammamish,WA 98075,USA
2014-06-25 00:00:00,800000.0,2.0,1.0,1740,1.0,0,3,1955,6116 Kirkwood Pl N,Seattle,WA 98103,USA
2014-06-20 00:00:00,790000.0,4.0,1.75,2050,1.0,0,3,1974,3860 NE 157th Pl,Lake Forest Park,WA 98155,USA
2014-05-12 00:00:00,876650.0,3.0,3.25,2170,1.5,0,5,1928,4436-4446 W Mercer Way,Mercer Island,WA 98040,USA
2014-06-04 00:00:00,520000.0,3.0,3.25,1540,2.0,0,3,2011,886 3rd Ave NE,Issaquah,WA 98029,USA
2014-05-28 00:00:00,700000.0,4.0,3.5,4490,2.0,0,3,2006,6818 Pinehurst Ave SE,Snoqualmie,WA 98065,USA
2014-05-22 00:00:00,600000.0,3.0,1.75,1650,1.0,0,5,1908,547 NE 81st St,Seattle,WA 98115,USA
2014-07-10 00:00:00,850000.0,5.0,2.0,2310,1.5,0,4,1966,3200 102nd Ave NE,Bellevue,WA 98004,USA
2014-06-24 00:00:00,339000.0,4.0,2.0,2470,1.5,0,3,1948,7936 10th Ave SW,Seattle,WA 98106,USA
2014-05-14 00:00:00,740000.0,5.0,5.0,5774,1.0,0,3,1984,28511 10th Ave S,Federal Way,WA 98003,USA
2014-06-06 00:00:00,835000.0,2.0,2.0,2280,1.0,0,3,2002,12439 235th Pl NE,Redmond,WA 98053,USA
2014-06-04 00:00:00,392500.0,4.0,2.5,2150,2.0,0,3,2005,2709 NE 22nd St,Renton,WA 98056,USA
2014-05-15 00:00:00,344000.0,3.0,2.5,1232,3.0,0,3,2007,12331 A 10th Pl NE,Seattle,WA 98125,USA
2014-05-14 00:00:00,966000.0,5.0,4.5,3810,2.0,0,3,2008,2033 211th Pl SE,Sammamish,WA 98075,USA
2014-06-16 00:00:00,1920000.0,4.0,2.5,3070,1.0,0,4,1950,3257 Evergreen Point Rd,Medina,WA 98039,USA
2014-06-03 00:00:00,960000.0,4.0,3.0,4590,2.0,0,3,1981,13003 13th Ave NW,Seattle,WA 98177,USA
2014-06-27 00:00:00,561500.0,3.0,1.75,1960,1.0,0,4,1939,1035 NE 95th St,Seattle,WA 98115,USA
2014-06-20 00:00:00,480000.0,4.0,1.0,2080,1.0,0,3,1941,7520 Jones Ave NW,Seattle,WA 98117,USA
2014-07-01 00:00:00,563000.0,4.0,1.0,1410,1.5,0,5,1911,621 NW 44th St,Seattle,WA 98107,USA
2014-07-08 00:00:00,410000.0,4.0,2.5,2560,2.0,0,3,2006,27645 236th Ct SE,Maple Valley,WA 98038,USA
2014-06-17 00:00:00,465950.0,4.0,2.5,2340,2.0,0,3,2001,463 Pasco Pl NE,Renton,WA 98059,USA
2014-06-05 00:00:00,275000.0,3.0,3.0,1390,2.0,0,3,2006,4022 S Bozeman St,Seattle,WA 98118,USA
2014-05-28 00:00:00,355000.0,2.0,1.0,1270,1.0,0,4,1920,4038 Linden Ave N,Seattle,WA 98103,USA
2014-06-09 00:00:00,0.0,4.0,3.75,4060,2.0,0,3,2002,21418 SE 5th Pl,Sammamish,WA 98074,USA
2014-05-13 00:00:00,523000.0,3.0,1.5,1240,1.0,0,4,1957,1020 163rd Ave SE,Bellevue,WA 98008,USA
2014-06-13 00:00:00,530100.0,3.0,1.0,1540,1.5,0,3,1926,123 NW 78th St,Seattle,WA 98117,USA
2014-06-02 00:00:00,440150.0,2.0,1.0,1110,1.0,0,5,1947,12216 Greenwood Ave N,Seattle,WA 98133,USA
2014-07-08 00:00:00,430000.0,3.0,2.0,1550,1.0,0,5,1942,6537 36th Ave SW,Seattle,WA 98126,USA
2014-07-02 00:00:00,700000.0,3.0,2.5,2490,2.0,0,3,1993,23203 NE 78th Way,Redmond,WA 98053,USA
2014-06-25 00:00:00,299900.0,3.0,1.0,1110,1.0,0,3,1979,18021 24th Ave NE,Shoreline,WA 98155,USA
2014-05-13 00:00:00,591000.0,4.0,2.25,2710,2.0,0,4,1977,19615 182nd Ave NE,Woodinville,WA 98077,USA
2014-05-20 00:00:00,345600.0,5.0,3.5,2800,2.5,0,3,1903,352 17th Ave,Seattle,WA 98122,USA
2014-05-23 00:00:00,350000.0,3.0,1.0,1010,1.0,0,4,1947,16220 8th Ave NE,Shoreline,WA 98155,USA
2014-05-13 00:00:00,465000.0,3.0,1.5,1270,1.0,0,3,1950,3616 NE 65th St,Seattle,WA 98115,USA
2014-06-03 00:00:00,425000.0,3.0,2.25,1870,1.0,0,3,1978,10559 NE 150th Ct,Bothell,WA 98011,USA
2014-06-02 00:00:00,820000.0,3.0,1.75,2160,1.0,0,4,1960,2000-2098 NE 68th St,Seattle,WA 98115,USA
2014-06-11 00:00:00,352500.0,3.0,1.75,1170,1.0,0,3,1962,14737 28th Ave NE,Shoreline,WA 98155,USA
2014-05-15 00:00:00,343000.0,4.0,1.75,2290,1.0,0,3,1960,2816 SW 110th Pl,Seattle,WA 98146,USA
2014-06-15 00:00:00,416000.0,3.0,1.0,1110,1.0,0,4,1957,717 164th Ave SE,Bellevue,WA 98008,USA
2014-06-09 00:00:00,347000.0,3.0,1.75,1240,1.0,0,4,1978,22207 Daeila Dr,Sammamish,WA 98074,USA
2014-06-03 00:00:00,235000.0,2.0,1.0,720,1.0,0,4,1947,5403 34th Ave SW,Seattle,WA 98126,USA
2014-05-22 00:00:00,275000.0,1.0,0.75,1170,1.0,0,5,1962,37316 W Lake Walker Dr SE,Enumclaw,WA 98022,USA
2014-06-06 00:00:00,837219.0,5.0,2.75,3030,2.0,0,3,2014,1855-1899 212th Ave SE,Sammamish,WA 98075,USA
2014-05-29 00:00:00,452500.0,5.0,3.5,5960,2.0,0,3,1984,510 175th Pl NE,Bellevue,WA 98008,USA
2014-07-02 00:00:00,1411600.0,2.0,2.5,3180,2.0,0,5,1985,4631 Somerset Ave SE,Bellevue,WA 98006,USA
2014-05-02 00:00:00,237227.857143,4.0,2.5,2200,2.0,0,3,1987,5214 S 292nd St,Auburn,WA 98001,USA
2014-06-02 00:00:00,315000.0,3.0,1.0,960,1.0,0,3,1952,1715 NE 135th St,Seattle,WA 98125,USA
2014-05-14 00:00:00,955000.0,5.0,2.25,2510,2.0,0,3,1972,7590 86th Ave SE,Mercer Island,WA 98040,USA
2014-05-29 00:00:00,445000.0,4.0,1.75,1990,1.5,0,4,1944,3713 SW Sullivan St,Seattle,WA 98126,USA
2014-05-22 00:00:00,398000.0,2.0,1.0,590,1.5,0,3,1983,29613-29615 232nd Ave SE,Black Diamond,WA 98010,USA
2014-06-16 00:00:00,300000.0,5.0,3.0,1940,1.0,0,3,2007,11720 8th Ave S,Seattle,WA 98168,USA
2014-05-23 00:00:00,300000.0,2.0,1.0,1340,1.0,0,3,1947,7111 S Ryan St,Seattle,WA 98178,USA
2014-06-03 00:00:00,695000.0,4.0,2.5,2961,2.0,0,3,1998,21548 SE 28th Ln,Sammamish,WA 98075,USA
2014-06-17 00:00:00,720000.0,4.0,2.5,2650,2.0,0,3,1988,11433 NE 91st St,Kirkland,WA 98033,USA
2014-07-09 00:00:00,486000.0,4.0,2.5,3560,2.0,0,3,1988,509 SW 335th St,Federal Way,WA 98023,USA
2014-05-28 00:00:00,266200.0,3.0,1.5,1430,1.0,0,4,1966,14217 SE 144th St,Renton,WA 98059,USA
2014-06-06 00:00:00,500000.0,4.0,1.0,1720,1.5,0,4,1904,3004 NW 59th St,Seattle,WA 98107,USA
2014-06-20 00:00:00,378000.0,4.0,2.5,1890,1.0,0,3,1978,41936 SE 168th St,North Bend,WA 98045,USA
2014-06-04 00:00:00,335000.0,4.0,2.75,2540,1.0,0,4,1979,15901-15999 131st Pl SE,Renton,WA 98058,USA
2014-06-16 00:00:00,460000.0,3.0,1.75,1550,1.0,0,4,1949,6503 39th Ave NE,Seattle,WA 98115,USA
2014-06-12 00:00:00,620000.0,2.0,1.0,1430,1.5,0,3,1929,2215 E Miller St,Seattle,WA 98112,USA
2014-05-21 00:00:00,442000.0,4.0,2.25,2080,1.0,0,4,1979,1740 216th Pl NE,Sammamish,WA 98074,USA
2014-05-31 00:00:00,660000.0,3.0,2.25,2675,2.0,0,3,1984,21311 SE 20th St,Sammamish,WA 98075,USA
2014-06-03 00:00:00,250000.0,3.0,2.25,1765,2.0,0,3,1996,33015 4th Pl S,Federal Way,WA 98003,USA
2014-06-17 00:00:00,0.0,5.0,3.75,3870,2.0,0,3,1998,101-127 247th Ave SE,Sammamish,WA 98074,USA
2014-07-02 00:00:00,550607.142857,4.0,2.0,1660,1.5,0,3,1922,4007 Woodland Park Ave N,Seattle,WA 98103,USA
2014-06-09 00:00:00,325000.0,3.0,2.0,1350,1.0,0,3,1986,14329 275th Ave NE,Duvall,WA 98019,USA
2014-06-20 00:00:00,1080000.0,3.0,3.0,4910,2.0,0,4,1989,2100 156th Ave SE,Bellevue,WA 98007,USA
2014-05-19 00:00:00,285000.0,4.0,1.75,2080,1.0,0,4,1955,8024 S 130th St,Seattle,WA 98178,USA
2014-05-28 00:00:00,127160.0,2.0,1.0,720,1.0,0,4,1942,821 Edmonds Ave NE,Renton,WA 98056,USA
2014-05-14 00:00:00,530000.0,4.0,2.75,2450,1.0,0,5,1974,404 SW 197th St,Normandy Park,WA 98166,USA
2014-06-19 00:00:00,659500.0,4.0,3.0,2620,1.0,0,4,1956,11605 SE 45th Pl,Bellevue,WA 98006,USA
2014-05-20 00:00:00,699000.0,4.0,2.5,2650,2.0,0,3,2006,11332 30th Ave NE,Seattle,WA 98125,USA
2014-06-18 00:00:00,540000.0,3.0,1.75,1970,1.0,0,5,1963,416 NW 181st St,Shoreline,WA 98177,USA
2014-07-08 00:00:00,292600.0,3.0,1.5,1520,1.0,0,4,1959,1012 Lynnwood Ave NE,Renton,WA 98056,USA
2014-05-12 00:00:00,870300.0,4.0,2.5,2350,1.5,0,4,1910,4410 Burke Ave N,Seattle,WA 98103,USA
2014-06-19 00:00:00,330000.0,3.0,2.5,2238,2.0,0,3,2011,1326 SW 340th St,Federal Way,WA 98023,USA
2014-07-02 00:00:00,605000.0,4.0,2.25,2940,1.0,0,5,1961,15611 72nd Ave NE,Kenmore,WA 98028,USA
2014-05-12 00:00:00,734200.0,4.0,2.5,2760,1.5,0,5,1928,950 NW 60th St,Seattle,WA 98107,USA
2014-06-10 00:00:00,745000.0,4.0,3.25,3490,2.0,0,3,2006,27520 SE 28th Ct,Sammamish,WA 98075,USA
2014-06-18 00:00:00,1400000.0,3.0,2.0,2020,1.5,0,3,1937,2340 Magnolia Blvd W,Seattle,WA 98199,USA
2014-06-02 00:00:00,320000.0,5.0,2.5,3020,1.0,0,4,1978,29234 158th Ave SE,Kent,WA 98042,USA
2014-06-03 00:00:00,600000.0,4.0,2.5,2620,2.0,0,3,1987,2830 216th Ave SE,Issaquah,WA 98075,USA
2014-06-11 00:00:00,110000.0,2.0,1.0,800,1.0,0,3,1927,12231 14th Ave S,Seattle,WA 98168,USA
2014-06-26 00:00:00,937000.0,3.0,1.75,2450,2.0,0,3,1915,206 W Boston St,Seattle,WA 98119,USA
2014-05-27 00:00:00,274950.0,3.0,1.75,1670,1.0,0,3,1987,16828 SE 251 St,Covington,WA 98042,USA
2014-07-05 00:00:00,672500.0,4.0,2.25,2110,2.0,0,4,1972,7490 85th Ave SE,Mercer Island,WA 98040,USA
2014-06-24 00:00:00,880000.0,4.0,2.5,3030,3.0,0,3,2005,6709 9th Ave NW,Seattle,WA 98117,USA
2014-05-27 00:00:00,295832.0,5.0,1.0,1410,1.0,0,5,1955,20208 1st Pl S,Des Moines,WA 98198,USA
2014-05-19 00:00:00,1216000.0,4.0,2.5,3190,1.0,0,5,1967,4625 Somerset Dr SE,Bellevue,WA 98006,USA
2014-05-30 00:00:00,322000.0,4.0,2.5,2280,2.0,0,3,1994,10012 SE 244th Ct,Kent,WA 98030,USA
2014-05-20 00:00:00,83300.0,3.0,2.0,1490,1.0,0,4,1990,26017 189th Ave SE,Covington,WA 98042,USA
2014-05-13 00:00:00,435000.0,4.0,2.25,2140,2.0,0,3,2002,7125 Silent Creek Ave SE,Snoqualmie,WA 98065,USA
2014-06-25 00:00:00,1355000.0,3.0,1.5,2680,2.0,0,5,1913,1602 5th Ave N,Seattle,WA 98109,USA
2014-05-28 00:00:00,544500.0,4.0,2.5,2230,1.0,0,5,1974,3022 254th Ave SE,Issaquah,WA 98075,USA
2014-06-13 00:00:00,325000.0,3.0,2.5,2070,2.0,0,3,1997,26300-26398 124th Ave SE,Kent,WA 98030,USA
2014-05-19 00:00:00,518000.0,3.0,2.5,1680,2.0,0,3,2008,8354 11th Ave NW,Seattle,WA 98117,USA
2014-05-12 00:00:00,339000.0,3.0,1.0,1080,1.0,0,4,1955,20248 20th Ave NE,Shoreline,WA 98155,USA
2014-06-30 00:00:00,250000.0,3.0,2.0,1440,1.0,0,3,1965,25816 13th Pl S,Des Moines,WA 98198,USA
2014-05-14 00:00:00,340000.0,3.0,2.25,1970,2.0,0,3,1997,504 Shelton Ct NE,Renton,WA 98056,USA
2014-06-10 00:00:00,571000.0,4.0,2.0,2750,1.5,0,5,1916,12042 38th Ave NE,Seattle,WA 98125,USA
2014-05-12 00:00:00,750000.0,4.0,2.5,2980,2.0,0,3,2000,16512 SE 64th Pl,Bellevue,WA 98006,USA
2014-06-10 00:00:00,225000.0,3.0,1.75,1760,1.0,0,3,1979,18035 SE 262nd Pl,Covington,WA 98042,USA
2014-06-10 00:00:00,499950.0,2.0,2.25,1060,2.0,0,3,2005,2008 Yale Ave E,Seattle,WA 98102,USA
2014-05-27 00:00:00,857000.0,4.0,3.0,3720,2.0,0,3,1991,10161 134th Pl NE,Kirkland,WA 98033,USA
2014-05-14 00:00:00,715000.0,4.0,2.25,2060,1.0,0,5,1941,3305 39th Ave W,Seattle,WA 98199,USA
2014-06-17 00:00:00,506000.0,3.0,1.75,2180,1.0,0,3,1961,17922 3rd Ave NW,Shoreline,WA 98177,USA
2014-06-30 00:00:00,419000.0,2.0,1.75,1510,1.0,0,3,2006,13471 Adair Creek Way NE,Redmond,WA 98053,USA
2014-07-08 00:00:00,1131000.0,3.0,2.25,2790,1.0,0,3,2006,18125 Brittany Dr SW,Normandy Park,WA 98166,USA
2014-05-19 00:00:00,256500.0,2.0,1.0,1120,1.0,0,4,1980,7615 SW 257th St,Vashon,WA 98070,USA
2014-07-09 00:00:00,412000.0,4.0,3.5,3360,2.0,0,3,1990,32648-33020 10th Ave SW,Federal Way,WA 98023,USA
2014-05-20 00:00:00,1300000.0,4.0,3.5,4380,1.0,0,3,2001,5830 246th Pl NE,Redmond,WA 98053,USA
2014-06-27 00:00:00,0.0,2.0,1.0,810,1.0,0,4,1959,30401-30499 8th Ave SW,Federal Way,WA 98023,USA
2014-05-15 00:00:00,819995.0,5.0,2.75,3030,2.0,0,3,2013,8024 117th Pl SE,Newcastle,WA 98056,USA
2014-07-07 00:00:00,296475.0,3.0,2.5,1520,2.0,0,3,2004,24312 226th Ave SE,Maple Valley,WA 98038,USA
2014-07-03 00:00:00,405500.0,2.0,2.75,1350,2.0,0,3,2006,9126 45th Ave SW,Seattle,WA 98136,USA
2014-07-09 00:00:00,550000.0,3.0,2.0,1970,2.0,0,5,1929,3608 34th Ave SW,Seattle,WA 98126,USA
2014-06-16 00:00:00,680000.0,4.0,2.75,2500,2.0,0,3,2010,11000 243rd Ave NE,Redmond,WA 98053,USA
2014-06-25 00:00:00,320000.0,4.0,2.5,2000,2.0,0,3,1997,23625 SE 267th Ct,Maple Valley,WA 98038,USA
2014-06-27 00:00:00,469900.0,4.0,2.5,2990,2.0,0,4,1991,18626 136th Pl SE,Renton,WA 98058,USA
2014-06-17 00:00:00,2027000.0,4.0,3.75,4100,1.5,0,5,1934,4520 E Mercer Way,Mercer Island,WA 98040,USA
2014-05-13 00:00:00,285000.0,3.0,1.0,1090,1.0,0,4,1973,16014 16th Ave SW,Burien,WA 98166,USA
2014-05-23 00:00:00,433000.0,4.0,1.75,1830,1.0,0,4,1966,16130 SE Newport Way,Bellevue,WA 98006,USA
2014-07-02 00:00:00,475000.0,4.0,2.5,1850,2.0,0,5,1981,13617 135th Ave NE,Kirkland,WA 98034,USA
2014-05-27 00:00:00,400000.0,2.0,1.0,1470,1.0,0,2,1940,3825 NE 87th St,Seattle,WA 98115,USA
2014-06-12 00:00:00,510000.0,3.0,1.75,1600,1.0,0,4,1967,13304 69th Ave NE,Kirkland,WA 98034,USA
2014-06-20 00:00:00,1234582.0,5.0,3.25,3240,1.5,0,4,1939,6851 51st Ave NE,Seattle,WA 98115,USA
2014-05-28 00:00:00,465000.0,6.0,3.25,4250,1.0,0,3,1967,29211 7th Pl S,Federal Way,WA 98003,USA
2014-06-23 00:00:00,235000.0,6.0,3.0,2180,2.0,0,3,1980,33015 22nd Pl S,Federal Way,WA 98003,USA
2014-05-12 00:00:00,465000.0,3.0,1.5,2020,1.0,0,4,1956,11618 NE 65th St,Kirkland,WA 98033,USA
2014-05-23 00:00:00,258000.0,3.0,1.75,1620,1.0,0,3,1988,21659 SE 266th St,Maple Valley,WA 98038,USA
2014-06-17 00:00:00,479500.0,3.0,2.75,2300,2.0,0,3,2008,34623 SE Leitz St,Snoqualmie,WA 98065,USA
2014-06-16 00:00:00,852880.0,4.0,3.25,3450,2.0,0,3,2014,120 214th Pl SE,Sammamish,WA 98074,USA
2014-05-27 00:00:00,328211.904762,4.0,2.5,1720,1.0,0,3,1961,1915 Ginko St SE,Auburn,WA 98092,USA
2014-05-29 00:00:00,690000.0,4.0,2.5,2920,2.0,0,4,1990,25919 SE 37th Way,Issaquah,WA 98029,USA
2014-07-03 00:00:00,554729.0,4.0,2.5,2020,2.0,0,5,1943,4109 W Bertona St,Seattle,WA 98199,USA
2014-05-16 00:00:00,282613.0,2.0,1.0,830,1.0,0,4,1954,16221 Bagley Pl N,Shoreline,WA 98133,USA
2014-06-18 00:00:00,515500.0,4.0,2.5,2920,2.0,0,3,2003,14821 272nd Pl NE,Duvall,WA 98019,USA
2014-07-01 00:00:00,402500.0,2.0,1.0,800,1.0,0,5,1946,4235 4th Ave NW,Seattle,WA 98107,USA
2014-06-24 00:00:00,139000.0,2.0,1.0,690,1.0,0,4,1942,755 Dayton Ave NE,Renton,WA 98056,USA
2014-06-18 00:00:00,465000.0,3.0,1.75,1510,1.0,0,3,1925,3040 SW Avalon Way,Seattle,WA 98126,USA
2014-05-16 00:00:00,135333.333333,4.0,1.0,1530,1.5,0,3,1948,5602 S Avon St,Seattle,WA 98178,USA
2014-05-19 00:00:00,429000.0,3.0,2.5,1920,2.0,0,3,1995,714 NE 10th St,North Bend,WA 98045,USA
2014-07-01 00:00:00,673476.818182,4.0,2.5,1820,2.0,0,3,1987,22101 SE 28th St,Sammamish,WA 98075,USA
2014-06-30 00:00:00,385000.0,3.0,1.75,1300,1.0,0,3,1968,13420 121st Ave NE,Kirkland,WA 98034,USA
2014-06-26 00:00:00,760000.0,3.0,2.5,1980,1.0,0,5,1959,4201-4213 Island Crest Way,Mercer Island,WA 98040,USA
2014-06-24 00:00:00,875000.0,4.0,2.5,3220,2.0,0,3,1996,14305 214th Way NE,Woodinville,WA 98077,USA
2014-05-06 00:00:00,280000.0,3.0,2.25,1970,1.0,0,4,1967,18738-18798 49th Pl NE,Lake Forest Park,WA 98155,USA
2014-05-28 00:00:00,335000.0,4.0,2.0,1480,1.0,0,5,1910,5840 16th Ave S,Seattle,WA 98108,USA
2014-06-05 00:00:00,372500.0,3.0,1.5,1180,1.0,0,3,1981,2522 230th Ave NE,Sammamish,WA 98074,USA
2014-06-16 00:00:00,375000.0,4.0,2.5,2040,1.5,0,4,1973,20404 289th Ave SE,Maple Valley,WA 98038,USA
2014-06-23 00:00:00,291500.0,3.0,1.0,880,1.5,0,5,1946,16529 10th Ave NE,Shoreline,WA 98155,USA
2014-05-15 00:00:00,255000.0,4.0,2.5,2070,2.0,0,3,1989,1422 S 282nd Pl,Federal Way,WA 98003,USA
2014-06-02 00:00:00,300000.0,4.0,2.5,2070,2.0,0,3,2003,11366 SE 298th Pl,Auburn,WA 98092,USA
2014-05-29 00:00:00,395000.0,2.0,1.0,1320,1.5,0,4,1909,2000 30th Ave S,Seattle,WA 98144,USA
2014-06-18 00:00:00,650000.0,5.0,1.75,1260,1.5,0,3,1926,830 W Armour St,Seattle,WA 98119,USA
2014-05-23 00:00:00,550000.0,3.0,2.0,1830,1.0,0,5,1959,11815 SE 56th St,Bellevue,WA 98006,USA
2014-06-20 00:00:00,950000.0,4.0,2.5,3360,2.0,0,3,1988,4926 119th Pl NE,Kirkland,WA 98033,USA
2014-07-08 00:00:00,780000.0,2.0,2.5,2560,2.0,0,5,1901,419 25th Ave E,Seattle,WA 98112,USA
2014-07-01 00:00:00,808000.0,4.0,2.25,2500,2.0,0,4,1987,14586 NE 58th St,Bellevue,WA 98007,USA
2014-06-25 00:00:00,594000.0,4.0,2.75,2720,2.0,0,3,2005,8827 NE 148th Pl,Kenmore,WA 98028,USA
2014-07-02 00:00:00,540000.0,3.0,2.25,1320,2.0,0,3,1994,3404 E Cherry St,Seattle,WA 98122,USA
2014-06-25 00:00:00,450000.0,2.0,1.0,1380,1.0,0,4,1931,9024 5th Ave NE,Seattle,WA 98115,USA
2014-05-22 00:00:00,259000.0,3.0,2.5,1550,2.0,0,3,2011,1506 51st St NE,Auburn,WA 98002,USA
2014-05-22 00:00:00,342246.428571,4.0,2.5,1980,2.0,0,3,1988,3002 SW 349th Pl,Federal Way,WA 98023,USA
2014-06-23 00:00:00,235000.0,3.0,1.0,1170,1.0,0,4,1968,766 Union Ave NE,Renton,WA 98059,USA
2014-05-15 00:00:00,525000.0,3.0,2.5,2700,2.0,0,3,1991,12415 NE 160th St,Woodinville,WA 98072,USA
2014-06-06 00:00:00,539000.0,3.0,2.0,2260,1.0,0,3,1985,21132 NE 42nd St,Sammamish,WA 98074,USA
2014-06-27 00:00:00,255000.0,3.0,2.5,1720,2.0,0,3,1998,5130 Francis Ct SE,Auburn,WA 98092,USA
2014-05-13 00:00:00,665000.0,3.0,2.0,1940,1.5,0,5,1944,324 NW 48th St,Seattle,WA 98107,USA
2014-06-13 00:00:00,589000.0,4.0,3.0,2440,2.0,0,5,1961,11611 106th Ave NE,Kirkland,WA 98034,USA
2014-06-26 00:00:00,460000.0,4.0,2.5,2550,1.0,0,4,1961,19259-19499 40th Pl NE,Lake Forest Park,WA 98155,USA
2014-06-04 00:00:00,2400000.0,5.0,3.25,3410,2.0,0,3,1912,309 W Prospect St,Seattle,WA 98119,USA
2014-05-22 00:00:00,295000.0,4.0,2.0,980,1.0,0,5,1978,17026 426th Ave SE,North Bend,WA 98045,USA
2014-06-19 00:00:00,248000.0,4.0,2.0,2080,1.0,0,3,1950,6105 S 124th St,Seattle,WA 98178,USA
2014-05-15 00:00:00,335000.0,3.0,2.25,2150,2.0,0,3,1991,4446 S 160th St,Tukwila,WA 98188,USA
2014-07-02 00:00:00,720000.0,4.0,3.0,3550,1.5,0,4,1990,17325 102nd Ave NE,Bothell,WA 98011,USA
2014-06-19 00:00:00,899000.0,4.0,2.25,2370,1.0,0,3,1959,2411 NW Blue Ridge Dr,Seattle,WA 98177,USA
2014-06-11 00:00:00,599000.0,4.0,2.5,2790,2.0,0,3,1989,18905 240th Ave NE,Woodinville,WA 98077,USA
2014-06-23 00:00:00,502000.0,6.0,2.5,2890,1.0,0,3,1977,2413 171 Ave SE,Bellevue,WA 98008,USA
2014-05-27 00:00:00,732000.0,3.0,2.5,2330,2.0,0,3,2004,6123 37th Ave NW,Seattle,WA 98107,USA
2014-05-12 00:00:00,505000.0,4.0,1.75,1940,1.0,0,5,1922,414 14th Ave,Seattle,WA 98122,USA
2014-07-10 00:00:00,600000.0,2.0,2.5,2410,1.0,0,4,1912,31600-31726 SE Issaquah-Fall City Rd,Fall City,WA 98024,USA
2014-06-11 00:00:00,371500.0,3.0,2.0,1370,1.0,0,5,1964,2320 N 161st St,Shoreline,WA 98133,USA
2014-06-13 00:00:00,459950.0,3.0,1.75,1850,1.0,0,5,1919,2221 SW 154th St,Burien,WA 98166,USA
2014-06-11 00:00:00,514000.0,3.0,1.75,1720,1.0,0,3,1986,4052 SW Myrtle St,Seattle,WA 98136,USA
2014-06-04 00:00:00,785000.0,3.0,1.75,1670,1.0,0,5,1961,3764 79th Ave SE,Mercer Island,WA 98040,USA
2014-07-03 00:00:00,474000.0,3.0,1.75,1530,2.0,0,3,1978,10828 157th Ave NE,Redmond,WA 98052,USA
2014-07-07 00:00:00,500000.0,3.0,2.5,1720,2.0,0,3,2011,14020 Meridian Ave N,Seattle,WA 98133,USA
2014-05-19 00:00:00,572500.0,3.0,2.25,2030,1.0,0,4,1984,13322 SE 77th Ct,Newcastle,WA 98059,USA
2014-06-16 00:00:00,499000.0,3.0,1.75,1750,1.0,0,4,1968,16618 NE 91st St,Redmond,WA 98052,USA
2014-06-11 00:00:00,200000.0,2.0,1.0,700,1.0,0,5,1953,751 Redmond Ave NE,Renton,WA 98056,USA
2014-05-27 00:00:00,830000.0,4.0,2.5,1850,1.0,0,3,1978,5022 Private Rd,Redmond,WA 98052,USA
2014-06-18 00:00:00,975000.0,4.0,2.5,4270,1.0,0,3,1991,21502 NE 103rd St,Redmond,WA 98053,USA
2014-06-23 00:00:00,345950.0,3.0,2.5,2110,2.0,0,3,1989,14150-14198 SE 238th Ln,Kent,WA 98042,USA
2014-05-29 00:00:00,525000.0,5.0,2.5,2630,2.0,0,3,2003,27831 NE 153rd Pl,Duvall,WA 98019,USA
2014-07-08 00:00:00,396166.666667,3.0,1.75,1880,1.0,0,4,1945,3529 SW Webster St,Seattle,WA 98126,USA
2014-06-06 00:00:00,660000.0,3.0,1.75,1980,1.5,0,4,1926,6040 27th Ave NE,Seattle,WA 98115,USA
2014-05-23 00:00:00,218000.0,3.0,1.0,960,1.0,0,5,1982,506 Harmony Ln,Enumclaw,WA 98022,USA
2014-05-12 00:00:00,885000.0,4.0,2.5,2830,2.0,0,3,1995,3503 NE 43rd St,Seattle,WA 98105,USA
2014-06-05 00:00:00,390000.0,3.0,2.0,1463,3.0,0,3,2003,7538 Roosevelt Way NE,Seattle,WA 98115,USA
2014-05-16 00:00:00,252700.0,2.0,1.5,1070,1.0,0,3,1985,13105 SE 277th Pl,Kent,WA 98030,USA
2014-06-26 00:00:00,815000.0,4.0,2.75,2620,1.0,0,4,1949,3311 NW 75th St,Seattle,WA 98117,USA
2014-06-27 00:00:00,350000.0,5.0,1.75,2330,1.0,0,4,1968,13826 SE 141st St,Renton,WA 98059,USA
2014-06-10 00:00:00,475000.0,2.0,1.75,1490,1.0,0,3,1983,5050-5132 Foster Ave SE,Auburn,WA 98092,USA
2014-06-04 00:00:00,250000.0,4.0,2.0,2120,1.5,0,4,1960,2006 S 257th St,Des Moines,WA 98198,USA
2014-06-30 00:00:00,765000.0,5.0,3.0,2870,1.0,0,3,1964,4520 Sunnyside Ave N,Seattle,WA 98103,USA
2014-07-03 00:00:00,835000.0,4.0,4.25,4930,2.0,0,3,2005,32805 145th Pl SE,Auburn,WA 98092,USA
2014-06-05 00:00:00,269000.0,3.0,1.0,1690,1.0,0,3,1967,12035-12225 61st Ave S,Seattle,WA 98178,USA
2014-06-12 00:00:00,1325000.0,5.0,2.25,3200,1.0,0,3,1965,2154-2398 94th Ave NE,Clyde Hill,WA 98004,USA
2014-06-23 00:00:00,800000.0,4.0,3.0,3520,1.0,0,3,1954,301 NW 54th St,Seattle,WA 98107,USA
2014-06-18 00:00:00,180000.0,3.0,2.25,1990,2.0,0,3,1967,24433 14th Ave S,Des Moines,WA 98198,USA
2014-05-29 00:00:00,485000.0,4.0,1.0,1600,1.5,0,4,1916,1215 N 50th St,Seattle,WA 98103,USA
2014-06-09 00:00:00,568000.0,3.0,1.75,2050,1.0,0,4,1977,5404-5410 Beach Dr SW,Seattle,WA 98136,USA
2014-06-16 00:00:00,309212.0,3.0,1.75,1150,1.0,0,3,1979,42511 SE 175th Pl,North Bend,WA 98045,USA
2014-07-08 00:00:00,182805.0,3.0,1.0,1040,1.0,0,4,1958,1028 SW 307th St,Federal Way,WA 98023,USA
2014-05-19 00:00:00,215000.0,3.0,1.0,970,1.0,0,4,1970,11428 SE 225th St,Kent,WA 98031,USA
2014-06-26 00:00:00,230000.0,3.0,1.0,1060,1.0,0,4,1956,17736 41st Ave S,SeaTac,WA 98188,USA
2014-05-14 00:00:00,607500.0,5.0,1.75,2220,1.5,0,3,1923,3047 21st Ave W,Seattle,WA 98199,USA
2014-05-27 00:00:00,529000.0,3.0,1.0,1210,1.5,0,4,1924,6015 5th Ave NW,Seattle,WA 98107,USA
2014-06-23 00:00:00,449500.0,3.0,2.25,1780,1.0,0,3,1972,9413 NE 137th St,Kirkland,WA 98034,USA
2014-06-12 00:00:00,561000.0,3.0,2.25,1710,2.0,0,3,2004,2037 Larchmount Dr NE,Issaquah,WA 98029,USA
2014-06-27 00:00:00,500000.0,4.0,1.0,1440,1.5,0,3,1906,3006 NW 60th St,Seattle,WA 98107,USA
2014-07-08 00:00:00,250000.0,3.0,1.75,1140,1.0,0,4,1983,1705 Douglas Ct,Milton,WA 98354,USA
2014-05-14 00:00:00,337500.0,5.0,2.0,1700,1.0,0,3,1956,6000-6048 22nd Ave S,Seattle,WA 98108,USA
2014-06-15 00:00:00,650000.0,3.0,1.75,2140,1.0,0,3,1953,1411 112th Ave NE,Bellevue,WA 98004,USA
2014-05-28 00:00:00,510250.0,3.0,1.75,1400,1.0,0,3,1951,8520 19th Ave NW,Seattle,WA 98117,USA
2014-05-20 00:00:00,243000.0,2.0,1.0,1770,1.5,0,4,1943,8040 S 118th St,Seattle,WA 98178,USA
2014-06-26 00:00:00,240000.0,4.0,1.0,1200,1.5,0,3,1933,10720 Stone Ave N,Seattle,WA 98133,USA
2014-06-05 00:00:00,385000.0,3.0,2.25,1710,1.0,0,3,1978,19215 58th Ave NE,Kenmore,WA 98028,USA
2014-05-13 00:00:00,450000.0,3.0,2.25,2450,1.0,0,4,1978,17081-17183 SE Wax Rd,Covington,WA 98042,USA
2014-05-15 00:00:00,395300.0,3.0,1.5,1120,1.0,0,3,1955,1323 145th Ave SE,Bellevue,WA 98007,USA
2014-06-01 00:00:00,84350.0,4.0,2.0,2630,2.0,0,4,1953,9033 NE 32nd St,Yarrow Point,WA 98004,USA
2014-07-02 00:00:00,1075000.0,3.0,2.5,3280,1.0,0,3,1970,3842 NE 92nd St,Seattle,WA 98115,USA
2014-05-12 00:00:00,910000.0,3.0,2.0,2700,1.0,0,4,1962,124 NE 61st St,Seattle,WA 98115,USA
2014-07-03 00:00:00,1150000.0,5.0,2.5,3580,2.0,0,3,2000,409 20th Ave,Kirkland,WA 98033,USA
2014-06-23 00:00:00,735000.0,4.0,2.25,2270,1.0,0,5,1954,3613 40th Ave W,Seattle,WA 98199,USA
2014-06-27 00:00:00,725000.0,3.0,2.5,3580,1.5,0,3,1990,23115 SE 222nd St,Maple Valley,WA 98038,USA
2014-06-02 00:00:00,492000.0,3.0,1.75,2770,1.0,0,4,1978,15017 253rd Ave SE,Issaquah,WA 98027,USA
2014-06-17 00:00:00,554000.0,4.0,1.0,1120,1.5,0,3,1946,1212 NW 105th St,Seattle,WA 98177,USA
2014-05-23 00:00:00,335000.0,4.0,2.5,1750,1.0,0,4,1983,15216 SE 176th Pl,Renton,WA 98058,USA
2014-07-09 00:00:00,415000.0,4.0,1.5,1840,1.5,0,4,1950,18820 1st Ave NW,Shoreline,WA 98177,USA
2014-07-09 00:00:00,468000.0,4.0,2.5,2100,1.0,0,4,1976,14634 128th Ave NE,Woodinville,WA 98072,USA
2014-07-01 00:00:00,729032.0,4.0,2.5,2840,1.0,0,4,1977,3200 130th Ave NE,Bellevue,WA 98005,USA
2014-06-09 00:00:00,743700.0,4.0,2.5,2610,2.0,0,3,1988,21306 NE 69th Ct,Redmond,WA 98053,USA
2014-06-02 00:00:00,345000.0,3.0,1.75,1990,1.0,0,3,1963,10238 65th Ave S,Seattle,WA 98178,USA
2014-06-11 00:00:00,545000.0,3.0,2.5,2180,1.0,0,4,1979,1801 193rd Ave SE,Sammamish,WA 98075,USA
2014-07-09 00:00:00,463000.0,4.0,2.5,1980,2.0,0,4,1974,12812 130th Ct NE,Kirkland,WA 98034,USA
2014-05-28 00:00:00,460000.0,4.0,3.0,2230,2.0,0,3,1991,27209 110th Ave SE,Kent,WA 98030,USA
2014-05-15 00:00:00,204700.0,4.0,2.0,1670,1.0,0,3,1967,29031 40th Ave S,Auburn,WA 98001,USA
2014-06-30 00:00:00,435000.0,4.0,2.0,1880,1.0,0,3,1904,1101 23rd Ave S,Seattle,WA 98144,USA
2014-06-16 00:00:00,862000.0,4.0,2.5,3190,2.0,0,3,1990,12623 198th Dr NE,Woodinville,WA 98077,USA
2014-05-16 00:00:00,433000.0,4.0,2.5,2280,2.0,0,4,2001,2207 Kennewick Pl NE,Renton,WA 98056,USA
2014-06-26 00:00:00,460000.0,3.0,2.5,1730,1.0,0,3,1969,9037 NE 132nd Pl,Kirkland,WA 98034,USA
2014-05-15 00:00:00,640000.0,4.0,2.0,2560,1.0,0,4,1947,8600-8698 30th Ave NE,Seattle,WA 98115,USA
2014-05-29 00:00:00,267500.0,3.0,1.75,1590,1.0,0,3,1957,17904 Military Rd S,SeaTac,WA 98188,USA
2014-06-20 00:00:00,337000.0,4.0,3.0,2240,2.0,0,3,1992,14532-14536 31st Ave NE,Shoreline,WA 98155,USA
2014-05-23 00:00:00,467100.0,3.0,1.75,1620,1.0,0,3,1973,6605-6609 141st Pl NE,Redmond,WA 98052,USA
2014-07-01 00:00:00,535000.0,4.0,1.75,1420,1.5,0,4,1945,3027 NW 67th St,Seattle,WA 98117,USA
2014-06-20 00:00:00,448000.0,4.0,2.5,2510,2.0,0,3,2006,27498 254th Pl SE,Maple Valley,WA 98038,USA
2014-07-07 00:00:00,229500.0,3.0,1.0,1230,1.0,0,4,1967,1605 21st St NE,Auburn,WA 98002,USA
2014-05-19 00:00:00,411000.0,4.0,2.75,2500,2.0,0,3,1966,8309 36th Ave S,Seattle,WA 98118,USA
2014-06-03 00:00:00,847000.0,5.0,1.0,2550,2.5,0,4,1905,805 30th Ave,Seattle,WA 98122,USA
2014-06-25 00:00:00,1229000.0,4.0,3.5,3770,2.0,0,3,1989,14203 NE 40th Pl,Bellevue,WA 98007,USA
2014-06-05 00:00:00,592105.714286,3.0,2.5,1640,2.0,0,3,1992,3040 273rd Ave NE,Redmond,WA 98053,USA
2014-06-26 00:00:00,1050000.0,4.0,3.5,3450,2.0,0,3,2007,4564 162nd Ln SE,Bellevue,WA 98006,USA
2014-06-23 00:00:00,300000.0,4.0,2.5,2620,2.0,0,3,2008,17001 SE 263rd St,Covington,WA 98042,USA
2014-06-10 00:00:00,250000.0,3.0,1.75,1590,1.0,0,3,1984,12033 SE 223rd Dr,Kent,WA 98031,USA
2014-06-13 00:00:00,485000.0,3.0,2.5,1580,2.0,0,3,1985,24025 SE 42nd St,Issaquah,WA 98029,USA
2014-05-30 00:00:00,750000.0,4.0,2.75,2600,1.0,0,3,1976,6820 39th Ave NE,Seattle,WA 98115,USA
2014-06-27 00:00:00,459000.0,4.0,3.0,2530,2.0,0,3,2013,111 S 192nd St,Burien,WA 98148,USA
2014-06-11 00:00:00,657500.0,4.0,2.75,4140,2.0,0,3,2002,32927 143rd Ct SE,Auburn,WA 98092,USA
2014-06-03 00:00:00,285000.0,3.0,1.75,2880,1.0,0,3,1958,4071 S 128th St,Tukwila,WA 98168,USA
2014-05-23 00:00:00,416000.0,3.0,1.5,1110,1.0,0,4,1963,14222 NE 80th Pl,Redmond,WA 98052,USA
2014-06-16 00:00:00,375000.0,4.0,2.0,1240,1.0,0,3,1908,549 27th Ave,Seattle,WA 98122,USA
2014-05-22 00:00:00,940000.0,4.0,2.75,2080,1.5,0,3,1912,6042 Sycamore Ave NW,Seattle,WA 98107,USA
2014-05-12 00:00:00,947500.0,3.0,2.75,2980,1.5,1,5,1917,Indian Trail,Burien,WA 98166,USA
2014-05-12 00:00:00,630000.0,4.0,2.0,1770,2.0,0,5,1911,3219 34th Ave W,Seattle,WA 98199,USA
2014-05-16 00:00:00,730100.0,4.0,2.5,3120,2.0,0,3,2003,120 Mt Si Pl NW,Issaquah,WA 98027,USA
2014-06-06 00:00:00,405000.0,2.0,2.0,1405,2.0,0,3,2007,1111 29th Ave,Seattle,WA 98122,USA
2014-05-28 00:00:00,875000.0,3.0,2.75,2280,1.0,0,5,1917,1829 N 55th St,Seattle,WA 98103,USA
2014-06-02 00:00:00,525000.0,4.0,2.5,2910,2.0,0,3,2006,25480 SE 275th Pl,Maple Valley,WA 98038,USA
2014-06-11 00:00:00,650000.0,2.0,1.0,1030,1.0,0,5,1928,1923 46th Ave SW,Seattle,WA 98116,USA
2014-06-19 00:00:00,850000.0,2.0,1.75,1590,1.5,0,3,1927,2505 42nd Ave W,Seattle,WA 98199,USA
2014-07-01 00:00:00,500000.0,2.0,1.0,950,1.0,0,3,1926,4024 Phinney Ave N,Seattle,WA 98103,USA
2014-06-26 00:00:00,1145000.0,3.0,2.5,2490,2.0,0,5,1918,2407 4th Ave N,Seattle,WA 98109,USA
2014-06-26 00:00:00,270000.0,2.0,1.0,1780,1.0,0,4,1954,36816 55th Ave S,Auburn,WA 98001,USA
2014-06-11 00:00:00,381000.0,3.0,1.5,1460,1.0,0,3,1954,16044 33rd Ave NE,Lake Forest Park,WA 98155,USA
2014-07-07 00:00:00,443000.0,5.0,1.75,1650,1.5,0,3,1902,814 20th Ave S,Seattle,WA 98144,USA
2014-06-20 00:00:00,329950.0,3.0,2.5,1820,2.0,0,3,1983,1142 S 23rd St,Renton,WA 98055,USA
2014-05-13 00:00:00,225000.0,3.0,1.0,1040,1.0,0,3,1947,12446 21st Ave S,Seattle,WA 98168,USA
2014-06-20 00:00:00,725000.0,4.0,3.25,3940,2.0,0,3,2000,17161 SE 100th St,Renton,WA 98059,USA
2014-06-13 00:00:00,304000.0,3.0,1.0,1280,1.5,0,4,1947,16225 10th Ave NE,Shoreline,WA 98155,USA
2014-06-03 00:00:00,440000.0,3.0,2.25,1680,2.0,0,4,1989,43105 SE 149th St,North Bend,WA 98045,USA
2014-06-26 00:00:00,660000.0,3.0,1.0,1210,1.0,0,3,1955,12016 SE 42nd St,Bellevue,WA 98006,USA
2014-06-03 00:00:00,850000.0,3.0,1.75,1370,1.0,0,5,1911,2015 42nd Ave E,Seattle,WA 98112,USA
2014-05-19 00:00:00,810000.0,4.0,2.5,3480,2.0,0,3,1988,17822 NE 154th St,Woodinville,WA 98072,USA
2014-06-19 00:00:00,405000.0,2.0,1.0,1260,1.0,0,4,1947,9532 Phinney Ave N,Seattle,WA 98103,USA
2014-05-29 00:00:00,308830.769231,2.0,1.0,810,1.0,0,3,1919,4611 51st Ave S,Seattle,WA 98118,USA
2014-05-28 00:00:00,820000.0,3.0,2.5,2510,2.0,0,3,1995,6736 40th Ave SW,Seattle,WA 98136,USA
2014-06-03 00:00:00,785200.0,3.0,2.25,1840,1.5,0,5,1910,3110 E Jefferson St,Seattle,WA 98122,USA
2014-06-05 00:00:00,630000.0,4.0,3.75,4610,1.0,0,4,1980,25510 SE 159th St,Issaquah,WA 98027,USA
2014-06-20 00:00:00,245000.0,1.0,0.75,380,1.0,0,3,1963,13602 8th Ave S,Burien,WA 98168,USA
2014-06-14 00:00:00,330000.0,3.0,1.75,1430,1.0,0,3,1950,2704 NE 144th St,Seattle,WA 98125,USA
2014-05-19 00:00:00,141800.0,2.0,1.0,930,1.0,0,4,1942,821 Dayton Ave NE,Renton,WA 98056,USA
2014-06-05 00:00:00,795000.0,4.0,2.25,2070,1.0,0,4,1967,4707 88th Ave SE,Mercer Island,WA 98040,USA
2014-05-16 00:00:00,1270000.0,4.0,3.0,5520,2.0,0,3,2008,4468 158th Ave SE,Bellevue,WA 98006,USA
2014-05-12 00:00:00,410000.0,3.0,2.25,2200,2.0,0,3,1987,21709 SE 255th Pl,Maple Valley,WA 98038,USA
2014-05-29 00:00:00,389000.0,2.0,1.0,910,1.0,0,3,1952,2043 NE 98th St,Seattle,WA 98115,USA
2014-05-14 00:00:00,339950.0,3.0,1.0,1050,1.5,0,4,1906,1807 17th Ave S,Seattle,WA 98144,USA
2014-07-01 00:00:00,850000.0,4.0,3.25,4350,1.0,0,3,2006,6407 282nd Ave SE,Issaquah,WA 98027,USA
2014-05-29 00:00:00,400000.0,4.0,2.0,1670,1.0,0,3,1955,7221 NE 156th St,Kenmore,WA 98028,USA
2014-06-12 00:00:00,0.0,4.0,1.0,2080,1.5,0,5,1926,6506 40th Ave SW,Seattle,WA 98136,USA
2014-05-27 00:00:00,312000.0,3.0,1.5,1255,3.0,0,3,2004,11716 16th Ave NE,Seattle,WA 98125,USA
2014-05-27 00:00:00,688000.0,4.0,3.0,3000,1.5,0,3,1913,3220 19th Ave S,Seattle,WA 98144,USA
2014-07-02 00:00:00,255000.0,4.0,2.0,2430,1.0,0,3,1960,8019 S 117th St,Seattle,WA 98178,USA
2014-07-08 00:00:00,1087500.0,2.0,2.0,2360,1.5,0,3,1997,3063-3103 84th Ave SE,Mercer Island,WA 98040,USA
2014-06-26 00:00:00,414000.0,3.0,2.5,2490,2.5,0,3,2012,4724 NE 14th St,Renton,WA 98059,USA
2014-05-20 00:00:00,479000.0,3.0,2.5,1260,3.0,0,3,2008,915 6th Ave N,Seattle,WA 98109,USA
2014-06-12 00:00:00,706000.0,3.0,2.75,1900,1.0,0,5,1942,4324 NE 56th St,Seattle,WA 98105,USA
2014-06-18 00:00:00,555000.0,3.0,1.75,2040,1.0,0,5,1958,3850 51st Ave SW,Seattle,WA 98116,USA
2014-05-19 00:00:00,464000.0,3.0,1.75,1630,1.0,0,3,1967,14926 NE 202nd St,Woodinville,WA 98072,USA
2014-07-02 00:00:00,1300000.0,4.0,1.75,2610,1.0,0,4,1966,1509 85th Ave NE,Clyde Hill,WA 98004,USA
2014-06-04 00:00:00,190000.0,5.0,2.0,1750,1.0,0,4,1943,1916 Harrington Cir NE,Renton,WA 98056,USA
2014-05-28 00:00:00,799000.0,4.0,3.0,2580,2.0,0,3,1984,24927 NE 108th St,Redmond,WA 98053,USA
2014-05-14 00:00:00,702500.0,3.0,1.5,2360,2.0,0,5,1926,2145 N 88th St,Seattle,WA 98103,USA
2014-05-20 00:00:00,879950.0,4.0,2.25,3500,1.0,0,4,1938,10599 Marine View Dr SW,Seattle,WA 98146,USA
2014-06-17 00:00:00,187500.0,3.0,1.5,1180,1.0,0,4,1977,34016 33rd Ave SW,Federal Way,WA 98023,USA
2014-06-26 00:00:00,279900.0,3.0,1.75,1580,1.0,0,3,1988,2401 S 359th St,Federal Way,WA 98003,USA
2014-05-10 00:00:00,875000.0,4.0,2.0,2520,1.0,0,3,1921,6521 Fremont Ave N,Seattle,WA 98103,USA
2014-05-19 00:00:00,485000.0,3.0,1.0,1500,1.5,0,3,1926,816 NW Market St,Seattle,WA 98107,USA
2014-05-15 00:00:00,263000.0,3.0,2.25,1590,2.0,0,4,1991,35219 26th Ct S,Federal Way,WA 98003,USA
2014-07-03 00:00:00,1755000.0,3.0,2.0,2360,2.0,0,3,1909,1242 15th Ave E,Seattle,WA 98112,USA
2014-06-25 00:00:00,299950.0,3.0,1.75,1790,1.0,0,3,1978,31317 41st Pl SW,Federal Way,WA 98023,USA
2014-07-07 00:00:00,536000.0,2.0,1.5,1130,2.0,0,3,2009,5412 6th Ave NW,Seattle,WA 98107,USA
2014-07-07 00:00:00,328000.0,3.0,2.0,2250,1.5,0,3,1998,1512 10th Ct NW,Auburn,WA 98001,USA
2014-05-28 00:00:00,474800.0,2.0,3.25,1400,3.0,0,3,2000,3648 Francis Ave N,Seattle,WA 98103,USA
2014-06-04 00:00:00,499950.0,3.0,2.5,1520,2.0,0,3,2007,2537 13th Ave W,Seattle,WA 98119,USA
2014-06-03 00:00:00,425000.0,2.0,2.5,1140,3.0,0,3,2007,2017 NW 59th St,Seattle,WA 98107,USA
2014-07-02 00:00:00,552000.0,3.0,2.5,1840,1.0,0,3,1978,300 142nd Ave NE,Bellevue,WA 98007,USA
2014-06-30 00:00:00,308000.0,3.0,1.0,1010,1.0,0,4,1954,5968 44th Ave S,Seattle,WA 98118,USA
2014-06-23 00:00:00,800000.0,3.0,2.25,2380,1.0,0,4,1972,7234 91st Ave SE,Mercer Island,WA 98040,USA
2014-06-17 00:00:00,675000.0,6.0,1.75,2740,1.0,0,3,1953,10721 Marine View Dr SW,Seattle,WA 98146,USA
2014-05-14 00:00:00,723000.0,4.0,2.5,2700,2.0,0,3,2004,2363 30th Ave NE,Issaquah,WA 98029,USA
2014-05-19 00:00:00,350000.0,3.0,2.25,1640,2.0,0,4,1985,1755 140th Ct SE,Bellevue,WA 98007,USA
2014-07-08 00:00:00,600000.0,4.0,2.5,2250,2.0,0,3,1991,12362 76th Ct NE,Kirkland,WA 98034,USA
2014-06-02 00:00:00,285000.0,2.0,2.5,1380,2.0,0,3,2011,2802 SW Bataan St,Seattle,WA 98126,USA
2014-05-12 00:00:00,372500.0,5.0,3.0,2480,1.0,0,3,2004,5537 S 119th St,Seattle,WA 98178,USA
2014-07-02 00:00:00,330000.0,4.0,2.5,2105,2.0,0,3,2003,27631-27699 145th Pl SE,Kent,WA 98042,USA
2014-06-24 00:00:00,314900.0,4.0,1.75,2700,1.0,0,3,1958,34901-35199 Weyerhaeuser Way S,Federal Way,WA 98003,USA
2014-05-27 00:00:00,255000.0,3.0,1.0,960,1.0,0,3,1955,20234 20th Ave NE,Shoreline,WA 98155,USA
2014-06-26 00:00:00,200500.0,3.0,1.75,1260,1.0,0,4,1963,11612 SE 258th St,Kent,WA 98030,USA
2014-07-08 00:00:00,370000.0,3.0,1.75,1570,2.0,0,3,1982,43719 SE 142nd St,North Bend,WA 98045,USA
2014-05-22 00:00:00,592500.0,4.0,3.0,2170,1.0,0,4,1968,18504 NE 21st St,Redmond,WA 98052,USA
2014-06-18 00:00:00,315000.0,3.0,2.5,1730,2.0,0,3,1993,28001 232nd Pl SE,Maple Valley,WA 98038,USA
2014-07-09 00:00:00,416904.166667,3.0,2.5,3010,2.0,0,3,2009,759 Ilwaco Pl NE,Renton,WA 98059,USA
2014-06-30 00:00:00,245000.0,3.0,2.75,1300,1.0,0,3,1996,11748 SE 264th St,Kent,WA 98030,USA
2014-05-29 00:00:00,295000.0,4.0,2.5,2290,2.0,0,3,2001,530 Olympia Ave SE,Renton,WA 98058,USA
2014-05-27 00:00:00,455500.0,3.0,2.0,1460,1.0,0,4,1975,8208 138th Ave NE,Redmond,WA 98052,USA
2014-06-26 00:00:00,402000.0,2.0,1.0,620,1.0,0,5,1911,5001-5099 11th Ave NW,Seattle,WA 98107,USA
2014-06-05 00:00:00,700000.0,3.0,1.75,1910,1.0,0,3,1959,7529 Bagley Ave N,Seattle,WA 98103,USA
2014-06-04 00:00:00,375000.0,2.0,1.0,820,1.0,0,4,1922,6018 41st Ave SW,Seattle,WA 98136,USA
2014-05-14 00:00:00,310000.0,3.0,1.0,1480,1.0,0,3,1952,1909 N 195th St,Shoreline,WA 98133,USA
2014-05-28 00:00:00,363000.0,4.0,2.5,3753,2.0,0,3,2008,33415 41st Ave SW,Federal Way,WA 98023,USA
2014-05-27 00:00:00,465000.0,3.0,2.0,1560,1.0,0,5,1967,14216-14228 117th Ave NE,Kirkland,WA 98034,USA
2014-05-20 00:00:00,440000.0,3.0,1.5,1270,3.0,0,3,2007,9608 Roosevelt Way NE,Seattle,WA 98115,USA
2014-06-04 00:00:00,228944.444444,3.0,1.75,1730,1.0,0,5,1972,23403 120th Ave SE,Kent,WA 98031,USA
2014-06-23 00:00:00,0.0,3.0,4.5,5230,2.0,1,3,2005,7455 W Mercer Way,Mercer Island,WA 98040,USA
2014-06-09 00:00:00,365000.0,3.0,2.5,1800,2.0,0,3,2011,2803 SW Bataan St,Seattle,WA 98126,USA
2014-06-11 00:00:00,415000.0,4.0,2.5,2550,2.0,0,3,2009,564 Field Pl NE,Renton,WA 98059,USA
2014-06-11 00:00:00,588000.0,4.0,2.0,1680,1.0,0,3,1950,7734 39th Ave NE,Seattle,WA 98115,USA
2014-07-02 00:00:00,265050.0,2.0,1.5,800,2.0,0,3,2008,5257 23rd Ave SW,Seattle,WA 98106,USA
2014-05-12 00:00:00,635000.0,3.0,2.5,1570,3.0,0,3,2010,7815 Stroud Ave N,Seattle,WA 98103,USA
2014-05-15 00:00:00,840000.0,4.0,1.75,2930,1.0,0,3,1947,3539 NW 67th St,Seattle,WA 98117,USA
2014-05-15 00:00:00,312500.0,2.0,1.0,880,1.0,0,3,1919,7558 19th Ave SW,Seattle,WA 98106,USA
2014-06-30 00:00:00,383962.0,4.0,2.5,2700,2.0,0,3,2001,14911 57th Ave S,Tukwila,WA 98168,USA
2014-07-03 00:00:00,340000.0,8.0,2.75,2790,1.0,0,3,1977,17512 Corliss Ave N,Shoreline,WA 98133,USA
2014-06-09 00:00:00,579000.0,2.0,2.0,1870,1.0,0,3,2003,12524 231st Ave NE,Redmond,WA 98053,USA
2014-06-24 00:00:00,660000.0,2.0,2.25,2550,2.0,0,5,1902,6054 5th Ave NE,Seattle,WA 98115,USA
2014-05-27 00:00:00,325000.0,3.0,1.75,1780,1.0,0,4,1983,26222 142nd Ave SE,Kent,WA 98042,USA
2014-06-11 00:00:00,0.0,5.0,2.75,3240,2.0,0,3,2013,1301-1303 Monterey Ave NE,Renton,WA 98056,USA
2014-06-27 00:00:00,410000.0,3.0,1.0,2710,2.0,0,4,1950,17449 Sylvester Rd SW,Burien,WA 98166,USA
2014-06-24 00:00:00,542500.0,5.0,2.75,3831,2.0,1,3,1959,6208 SE 22nd St,Mercer Island,WA 98040,USA
2014-05-23 00:00:00,641000.0,3.0,1.75,1620,1.0,0,5,1926,6729 Dibble Ave NW,Seattle,WA 98117,USA
2014-06-19 00:00:00,346150.0,3.0,2.0,2140,1.0,0,4,1966,2515 NE 19th St,Renton,WA 98056,USA
2014-05-23 00:00:00,902000.0,4.0,2.25,2530,1.0,0,5,1976,4632 141st Ct SE,Bellevue,WA 98006,USA
2014-05-16 00:00:00,330000.0,3.0,1.5,1170,1.0,0,4,1960,15421 SE 4th Pl,Bellevue,WA 98007,USA
2014-06-26 00:00:00,354950.0,4.0,2.75,2530,1.0,0,5,1977,32148-32298 33rd Ave SW,Federal Way,WA 98023,USA
2014-06-02 00:00:00,725995.0,4.0,2.5,3190,2.0,0,3,2001,7704 Heather Ave SE,Snoqualmie,WA 98065,USA
2014-06-04 00:00:00,519000.0,2.0,1.0,830,1.0,0,4,1920,8216 Linden Ave N,Seattle,WA 98103,USA
2014-06-16 00:00:00,552000.0,3.0,1.0,1120,1.0,0,4,1912,7002 22nd Ave NW,Seattle,WA 98117,USA
2014-05-19 00:00:00,850000.0,4.0,3.5,2640,2.0,0,3,1937,6728 40th Ave SW,Seattle,WA 98136,USA
2014-06-20 00:00:00,420000.0,5.0,2.75,2280,1.0,0,3,1959,504 NW 175th Ct,Shoreline,WA 98177,USA
2014-06-26 00:00:00,800000.0,3.0,1.75,2080,1.0,0,3,1958,11406 NE 112th St,Kirkland,WA 98033,USA
2014-06-03 00:00:00,425000.0,3.0,2.25,1660,1.0,0,3,1979,942 27th Ave,Seattle,WA 98122,USA
2014-05-21 00:00:00,285000.0,3.0,1.75,2380,1.5,0,3,1935,8723 S 117th St,Seattle,WA 98178,USA
2014-06-04 00:00:00,646000.0,4.0,2.25,2500,1.0,0,4,1978,4615 158th Ave SE,Bellevue,WA 98006,USA
2014-05-22 00:00:00,300000.0,5.0,2.5,2760,2.0,0,3,2006,843 S Rose St,Seattle,WA 98108,USA
2014-06-10 00:00:00,285000.0,2.0,2.0,1651,1.0,0,3,1946,15923 Vashon Hwy SW,Vashon,WA 98070,USA
2014-06-20 00:00:00,650000.0,4.0,2.5,3040,2.0,0,3,2003,22540 NE 92nd St,Redmond,WA 98053,USA
2014-05-19 00:00:00,280000.0,3.0,2.5,1270,2.0,0,3,1993,44633 SE 151st St,North Bend,WA 98045,USA
2014-06-27 00:00:00,320000.0,4.0,2.5,2570,2.0,0,3,2005,27102 227th Pl SE,Maple Valley,WA 98038,USA
2014-05-23 00:00:00,259585.571429,4.0,2.5,1960,2.0,0,3,2001,24330 130th Ave SE,Kent,WA 98030,USA
2014-06-20 00:00:00,0.0,4.0,1.0,1810,1.0,0,2,1959,12231 Occidental Ave S,Seattle,WA 98168,USA
2014-06-06 00:00:00,389250.0,2.0,1.5,1490,1.0,0,3,1956,3738 SW Ida St,Seattle,WA 98126,USA
2014-06-11 00:00:00,850830.0,3.0,2.5,2070,1.5,0,5,1910,2505 Boyer Ave E,Seattle,WA 98102,USA
2014-07-02 00:00:00,481015.0,3.0,2.25,1550,2.0,0,3,1987,10600-10650 117th Pl NE,Kirkland,WA 98033,USA
2014-06-03 00:00:00,363990.0,4.0,2.5,2240,2.0,0,3,2014,27433-27475 211th Ct SE,Maple Valley,WA 98038,USA
2014-05-21 00:00:00,318989.0,4.0,2.25,2000,1.0,0,4,1978,4231 SW 323rd St,Federal Way,WA 98023,USA
2014-06-16 00:00:00,470000.0,3.0,1.5,1510,1.0,0,4,1956,2559 155th Ave SE,Bellevue,WA 98007,USA
2014-06-16 00:00:00,385000.0,2.0,1.0,830,1.0,1,4,1928,7310 SW Maury Park Rd,Vashon,WA 98070,USA
2014-06-03 00:00:00,420000.0,3.0,1.75,1660,1.0,0,3,1981,18223 129th Pl NE,Bothell,WA 98011,USA
2014-06-18 00:00:00,570000.0,4.0,2.5,2290,2.0,0,3,1996,4029-4035 252nd Ave SE,Issaquah,WA 98029,USA
2014-06-01 00:00:00,1505000.0,4.0,3.5,3480,2.0,0,3,1926,1905 33rd Ave S,Seattle,WA 98144,USA
2014-07-06 00:00:00,395000.0,3.0,1.75,1480,1.0,0,3,1975,13547 104th Pl NE,Kirkland,WA 98034,USA
2014-07-07 00:00:00,631500.0,4.0,2.0,2530,1.5,0,4,1910,2900-2998 Fairmount Ave SW,Seattle,WA 98116,USA
2014-05-13 00:00:00,225000.0,3.0,1.0,1660,1.0,0,3,1963,29140 42nd Ave S,Auburn,WA 98001,USA
2014-06-25 00:00:00,860000.0,5.0,3.25,4500,2.0,0,4,1968,4209 NE 135th St,Seattle,WA 98125,USA
2014-07-10 00:00:00,439000.0,4.0,2.0,1560,1.0,0,4,1968,14206 119th Ave NE,Kirkland,WA 98034,USA
2014-05-30 00:00:00,825500.0,3.0,2.5,2780,2.0,0,3,2009,12449 94th Ave NE,Kirkland,WA 98034,USA
2014-05-13 00:00:00,245000.0,5.0,1.75,2020,1.0,0,3,1962,10412 Aqua Way S,Seattle,WA 98168,USA
2014-06-04 00:00:00,565000.0,5.0,2.5,2650,1.0,0,3,1961,527 171st Pl NE,Bellevue,WA 98008,USA
2014-06-03 00:00:00,471000.0,4.0,2.5,3030,2.0,0,3,1998,1165 SW 12th St,North Bend,WA 98045,USA
2014-05-14 00:00:00,450000.0,3.0,2.5,2910,2.0,0,3,1989,36023 3rd Ave S,Federal Way,WA 98003,USA
2014-07-10 00:00:00,220600.0,3.0,2.5,1490,2.0,0,4,1990,18717 SE 258th St,Covington,WA 98042,USA
2014-05-30 00:00:00,325000.0,3.0,1.75,2180,1.0,0,4,1961,9670 41st Ave S,Seattle,WA 98118,USA
2014-05-13 00:00:00,239950.0,3.0,1.0,1900,1.5,0,4,1942,36400-36452 51st Ave S,Auburn,WA 98001,USA
2014-06-09 00:00:00,739000.0,4.0,2.5,2800,2.0,0,3,1999,6209 284th Way NE,Carnation,WA 98014,USA
2014-05-28 00:00:00,254000.0,3.0,2.0,1480,1.0,0,4,1992,21438 SE 277th St,Maple Valley,WA 98038,USA
2014-06-24 00:00:00,1010000.0,2.0,2.0,1460,1.0,0,5,1900,1302 1st St,Kirkland,WA 98033,USA
2014-06-02 00:00:00,439800.0,3.0,1.5,1120,1.0,0,5,1956,15524 SE 9th St,Bellevue,WA 98007,USA
2014-06-26 00:00:00,1990000.0,5.0,3.0,4480,2.5,0,5,1902,923 14th Ave E,Seattle,WA 98112,USA
2014-06-23 00:00:00,650000.0,4.0,2.5,2400,2.0,0,3,1990,23836 SE 41st St,Issaquah,WA 98029,USA
2014-06-04 00:00:00,310000.0,3.0,2.0,1350,1.0,0,3,1995,42321 SE 171st St,North Bend,WA 98045,USA
2014-06-19 00:00:00,197500.0,3.0,1.0,1330,2.0,0,5,1905,1535 Griffin Ave,Enumclaw,WA 98022,USA
2014-06-11 00:00:00,742000.0,4.0,2.5,2810,2.0,0,3,1997,1755 268th Pl SE,Sammamish,WA 98075,USA
2014-06-26 00:00:00,280927.0,4.0,2.25,2070,2.0,0,4,1977,26732 Carnaby Way,Kent,WA 98032,USA
2014-05-16 00:00:00,239900.0,4.0,2.25,1860,1.0,0,3,1979,401 SW 322nd St,Federal Way,WA 98023,USA
2014-05-24 00:00:00,1680000.0,4.0,4.25,5584,2.0,0,3,1998,29002 NE 3rd Way,Carnation,WA 98014,USA
2014-06-03 00:00:00,430000.0,3.0,2.0,1360,1.5,0,4,1924,4822 48th Ave SW,Seattle,WA 98116,USA
2014-06-06 00:00:00,680000.0,3.0,2.25,2270,1.0,0,3,1975,1023 NW 166th St,Shoreline,WA 98177,USA
2014-06-05 00:00:00,955000.0,4.0,4.25,5660,2.0,0,3,2001,12124 268th Dr NE,Duvall,WA 98019,USA
2014-07-08 00:00:00,148000.0,2.0,1.0,630,1.0,0,3,1930,7760 10th Ave SW,Seattle,WA 98106,USA
2014-06-10 00:00:00,895000.0,5.0,2.5,2550,1.0,0,4,1953,11034 NE 26th Pl,Bellevue,WA 98004,USA
2014-05-09 00:00:00,1020000.0,3.0,2.25,2950,1.5,0,3,2006,1918 202nd Pl SE,Sammamish,WA 98075,USA
2014-05-29 00:00:00,650880.0,3.0,2.5,2930,2.0,0,3,2008,34303 Elm Ave SE,Snoqualmie,WA 98065,USA
2014-06-24 00:00:00,745641.0,4.0,2.5,2440,2.0,0,3,2013,11631 170th Ct NE,Redmond,WA 98052,USA
2014-07-01 00:00:00,558653.846154,3.0,2.5,1530,1.5,0,5,1928,8519 28th Ave NW,Seattle,WA 98117,USA
2014-06-17 00:00:00,458000.0,4.0,1.5,1550,1.5,0,3,1918,4402 4th Ave NE,Seattle,WA 98105,USA
2014-07-01 00:00:00,330000.0,3.0,2.5,1680,1.0,0,3,1959,10843-10857 8th Ave SW,Seattle,WA 98146,USA
2014-05-05 00:00:00,0.0,3.0,1.75,1490,1.0,0,4,1962,3911 S 328th St,Federal Way,WA 98001,USA
2014-06-10 00:00:00,219900.0,3.0,1.0,970,1.0,0,4,1967,31716 6th Ave S,Federal Way,WA 98003,USA
2014-06-19 00:00:00,410000.0,6.0,2.75,2520,1.0,0,4,1962,3306 NE 185th St,Lake Forest Park,WA 98155,USA
2014-06-19 00:00:00,232500.0,3.0,1.0,1320,1.0,0,3,1961,30606 2nd Ave SW,Federal Way,WA 98023,USA
2014-06-19 00:00:00,287000.0,3.0,2.0,1300,1.5,0,5,1933,13304 24th Ave S,SeaTac,WA 98168,USA
2014-06-19 00:00:00,925000.0,4.0,2.5,3280,2.0,0,3,1994,5310 236th Ave NE,Redmond,WA 98053,USA
2014-06-27 00:00:00,665000.0,3.0,2.5,2610,2.0,0,3,1988,15325 179th Ave NE,Woodinville,WA 98072,USA
2014-06-11 00:00:00,460000.0,3.0,2.0,2060,1.0,0,3,1929,3720 35th Ave SW,Seattle,WA 98126,USA
2014-06-03 00:00:00,575000.0,3.0,2.25,3800,1.0,0,4,1976,24716 142nd Ave SE,Kent,WA 98042,USA
2014-05-05 00:00:00,2199900.0,4.0,1.5,1120,1.0,0,3,1969,19009-19021 SE 266th St,Covington,WA 98042,USA
2014-05-20 00:00:00,598000.0,5.0,2.25,2890,2.0,0,3,1977,2116 Sahalee Dr E,Sammamish,WA 98074,USA
2014-06-25 00:00:00,260000.0,5.0,2.5,2025,2.0,0,3,2007,122 Greenlake Pl,Pacific,WA 98047,USA
2014-05-28 00:00:00,700000.0,2.0,1.75,2320,1.5,0,3,1925,1903 32nd Ave S,Seattle,WA 98144,USA
2014-06-09 00:00:00,250250.0,3.0,2.25,2210,2.0,0,4,1969,3652 SW 328th St,Federal Way,WA 98023,USA
2014-06-02 00:00:00,661000.0,4.0,2.25,1990,1.5,0,4,1932,4426 38th Ave SW,Seattle,WA 98126,USA
2014-05-28 00:00:00,285000.0,2.0,1.0,800,1.0,0,3,1954,13332 30th Ave NE,Seattle,WA 98125,USA
2014-07-01 00:00:00,525000.0,2.0,2.5,1160,2.0,0,3,2012,2067 Gilman Dr W,Seattle,WA 98119,USA
2014-06-24 00:00:00,510000.0,3.0,2.25,1420,3.0,0,3,2006,3821-3825 Whitman Ave N,Seattle,WA 98103,USA
2014-06-09 00:00:00,234999.0,3.0,1.0,1330,1.0,0,3,1948,4725 S 172nd St,SeaTac,WA 98188,USA
2014-05-29 00:00:00,412000.0,3.0,1.75,1950,1.0,0,4,1985,32119 199th Ave SE,Kent,WA 98042,USA
2014-06-12 00:00:00,1095000.0,0.0,0.0,3064,3.5,0,3,1990,814 E Howe St,Seattle,WA 98102,USA
2014-05-27 00:00:00,488000.0,3.0,2.5,1590,3.0,0,3,1985,6601-6699 28th Ave NW,Seattle,WA 98117,USA
2014-07-02 00:00:00,2271150.0,4.0,3.25,4040,1.0,0,4,1954,7623 Overlake Dr W,Medina,WA 98039,USA
2014-05-22 00:00:00,380000.0,5.0,3.5,2420,2.0,0,3,2013,8803 38th Ave S,Seattle,WA 98118,USA
2014-06-13 00:00:00,324900.0,4.0,2.5,1880,2.0,0,3,2000,21661 SE 265th Way,Maple Valley,WA 98038,USA
2014-06-27 00:00:00,480000.0,2.0,1.0,1500,1.0,0,3,1902,4422 Woodlawn Ave N,Seattle,WA 98103,USA
2014-06-10 00:00:00,695000.0,4.0,3.5,3510,2.0,0,3,2001,34809 SE Garden Ct,Snoqualmie,WA 98065,USA
2014-06-03 00:00:00,475000.0,3.0,2.5,2600,2.0,0,3,1989,5054 NE 23rd St,Renton,WA 98059,USA
2014-06-17 00:00:00,605000.0,3.0,2.25,2010,2.0,0,3,1985,14150 176th Ave NE,Redmond,WA 98052,USA
2014-06-18 00:00:00,337945.75,2.0,1.0,940,1.0,0,3,1910,4100 SW Othello St,Seattle,WA 98136,USA
2014-06-12 00:00:00,294000.0,4.0,2.5,2210,1.0,0,3,1990,512 47th St SE,Auburn,WA 98092,USA
2014-06-24 00:00:00,252000.0,3.0,2.25,1670,1.0,0,4,1977,12046 SE 214th St,Kent,WA 98031,USA
2014-05-29 00:00:00,264000.0,3.0,1.5,1470,1.0,0,4,1958,14435 SE 263rd St,Kent,WA 98042,USA
2014-05-22 00:00:00,168000.0,2.0,2.5,1160,2.0,0,3,1998,8601-8633 26th Ave SW,Seattle,WA 98106,USA
2014-05-23 00:00:00,900000.0,3.0,3.5,4080,1.5,0,3,2000,37739 Auburn Enumclaw Rd SE,Auburn,WA 98092,USA
2014-06-24 00:00:00,339000.0,3.0,1.0,1100,1.0,0,4,1942,8202 37th Ave SW,Seattle,WA 98126,USA
2014-07-03 00:00:00,395000.0,5.0,1.75,1840,1.0,0,3,1948,2716 SW 170th St,Burien,WA 98166,USA
2014-05-22 00:00:00,910000.0,4.0,3.25,3340,1.5,0,3,1963,15243 NE 71st Ct,Redmond,WA 98052,USA
2014-06-12 00:00:00,495000.0,3.0,2.0,1769,1.0,0,4,1955,531 SW 181st St,Normandy Park,WA 98166,USA
2014-06-25 00:00:00,1280000.0,4.0,3.5,4660,2.0,0,3,2003,17069 SE 65th Pl,Bellevue,WA 98006,USA
2014-06-09 00:00:00,500000.0,4.0,1.75,2240,1.5,0,4,1965,16725 NE 22nd St,Bellevue,WA 98008,USA
2014-06-26 00:00:00,440000.0,3.0,1.5,2120,1.0,0,4,1949,4231 Powell Pl S,Seattle,WA 98108,USA
2014-06-11 00:00:00,386000.0,3.0,1.5,1270,2.0,0,3,2004,3613 Gilman Ave W,Seattle,WA 98199,USA
2014-07-09 00:00:00,425000.0,2.0,1.0,1320,1.0,0,3,1939,2603 36th Ave W,Seattle,WA 98199,USA
2014-07-07 00:00:00,530000.0,3.0,1.75,1320,1.0,0,3,1918,2108 NE 54th St,Seattle,WA 98105,USA
2014-05-16 00:00:00,605000.0,2.0,1.0,910,1.0,0,4,1909,1617-1621 3rd Ave W,Seattle,WA 98119,USA
2014-06-06 00:00:00,253500.0,2.0,1.0,810,1.0,0,3,1948,8850 34th Ave SW,Seattle,WA 98126,USA
2014-06-24 00:00:00,348500.0,3.0,1.5,1360,1.0,0,4,1966,12019 156th Ave SE,Renton,WA 98059,USA
2014-05-30 00:00:00,427000.0,5.0,2.75,2220,1.0,0,3,1973,3112 21st Ave S,Seattle,WA 98144,USA
2014-06-20 00:00:00,800000.0,4.0,2.75,3150,2.0,0,3,2004,1105 273rd Pl SE,Sammamish,WA 98075,USA
2014-07-02 00:00:00,915000.0,3.0,4.5,3850,2.0,0,3,2013,21101-21199 NE 78th St,Redmond,WA 98053,USA
2014-05-23 00:00:00,375000.0,2.0,2.5,750,2.0,0,3,2006,1700 E Columbia St,Seattle,WA 98122,USA
2014-06-20 00:00:00,754800.0,2.0,2.5,2770,2.0,0,3,2006,Sunrise Loop Trail,Redmond,WA 98053,USA
2014-07-10 00:00:00,279000.0,2.0,1.0,670,1.0,0,5,1942,9716 33rd Ave SW,Seattle,WA 98126,USA
2014-06-19 00:00:00,540500.0,5.0,3.75,3090,2.0,0,3,2014,493 S 187th Ln,Burien,WA 98148,USA
2014-06-05 00:00:00,1415000.0,4.0,5.25,4670,2.0,0,3,1989,6324 160th Pl SE,Bellevue,WA 98006,USA
